[error] Failed to fetch Firebase Project from Studio Workspace because WORKSPACE_SLUG environment variable is empty
[error] Failed to fetch Firebase Project from Studio Workspace because WORKSPACE_SLUG environment variable is empty
[error] Failed to fetch Firebase Project from Studio Workspace because WORKSPACE_SLUG environment variable is empty
[error] Failed to fetch Firebase Project from Studio Workspace because WORKSPACE_SLUG environment variable is empty
[debug] [2026-02-10T10:45:55.011Z] > command requires scopes: ["email","openid","https://www.googleapis.com/auth/cloudplatformprojects.readonly","https://www.googleapis.com/auth/firebase","https://www.googleapis.com/auth/cloud-platform","https://www.googleapis.com/auth/userinfo.email"]
[debug] [2026-02-10T10:45:55.015Z] > command requires scopes: ["email","openid","https://www.googleapis.com/auth/cloudplatformprojects.readonly","https://www.googleapis.com/auth/firebase","https://www.googleapis.com/auth/cloud-platform","https://www.googleapis.com/auth/userinfo.email"]
[error] Failed to fetch Firebase Project from Studio Workspace because WORKSPACE_SLUG environment variable is empty
[error] Failed to fetch Firebase Project from Studio Workspace because WORKSPACE_SLUG environment variable is empty
[error] Failed to fetch Firebase Project from Studio Workspace because WORKSPACE_SLUG environment variable is empty
[debug] [2026-02-10T10:46:07.346Z] > command requires scopes: ["email","openid","https://www.googleapis.com/auth/cloudplatformprojects.readonly","https://www.googleapis.com/auth/firebase","https://www.googleapis.com/auth/cloud-platform","https://www.googleapis.com/auth/userinfo.email"]
[error] Failed to fetch Firebase Project from Studio Workspace because WORKSPACE_SLUG environment variable is empty
[debug] [2026-02-10T10:46:09.743Z] > command requires scopes: ["email","openid","https://www.googleapis.com/auth/cloudplatformprojects.readonly","https://www.googleapis.com/auth/firebase","https://www.googleapis.com/auth/cloud-platform","https://www.googleapis.com/auth/userinfo.email"]
[error] Failed to fetch Firebase Project from Studio Workspace because WORKSPACE_SLUG environment variable is empty
[error] Failed to fetch Firebase Project from Studio Workspace because WORKSPACE_SLUG environment variable is empty
[error] Failed to fetch Firebase Project from Studio Workspace because WORKSPACE_SLUG environment variable is empty
[debug] [2026-02-10T10:46:09.767Z] > command requires scopes: ["email","openid","https://www.googleapis.com/auth/cloudplatformprojects.readonly","https://www.googleapis.com/auth/firebase","https://www.googleapis.com/auth/cloud-platform","https://www.googleapis.com/auth/userinfo.email"]
[error] Failed to fetch Firebase Project from Studio Workspace because WORKSPACE_SLUG environment variable is empty
[error] Failed to fetch Firebase Project from Studio Workspace because WORKSPACE_SLUG environment variable is empty
[error] Failed to fetch Firebase Project from Studio Workspace because WORKSPACE_SLUG environment variable is empty
[debug] [2026-02-10T10:46:09.777Z] > command requires scopes: ["email","openid","https://www.googleapis.com/auth/cloudplatformprojects.readonly","https://www.googleapis.com/auth/firebase","https://www.googleapis.com/auth/cloud-platform","https://www.googleapis.com/auth/userinfo.email"]
[error] Failed to fetch Firebase Project from Studio Workspace because WORKSPACE_SLUG environment variable is empty
[error] Failed to fetch Firebase Project from Studio Workspace because WORKSPACE_SLUG environment variable is empty
[debug] [2026-02-10T10:46:12.183Z] > command requires scopes: ["email","openid","https://www.googleapis.com/auth/cloudplatformprojects.readonly","https://www.googleapis.com/auth/firebase","https://www.googleapis.com/auth/cloud-platform","https://www.googleapis.com/auth/userinfo.email"]
[debug] [2026-02-10T10:46:12.184Z] > command requires scopes: ["email","openid","https://www.googleapis.com/auth/cloudplatformprojects.readonly","https://www.googleapis.com/auth/firebase","https://www.googleapis.com/auth/cloud-platform","https://www.googleapis.com/auth/userinfo.email"]
[error] Failed to fetch Firebase Project from Studio Workspace because WORKSPACE_SLUG environment variable is empty
[error] Failed to fetch Firebase Project from Studio Workspace because WORKSPACE_SLUG environment variable is empty
[error] Failed to fetch Firebase Project from Studio Workspace because WORKSPACE_SLUG environment variable is empty
[error] Failed to fetch Firebase Project from Studio Workspace because WORKSPACE_SLUG environment variable is empty
[debug] [2026-02-11T06:29:05.767Z] > command requires scopes: ["email","openid","https://www.googleapis.com/auth/cloudplatformprojects.readonly","https://www.googleapis.com/auth/firebase","https://www.googleapis.com/auth/cloud-platform","https://www.googleapis.com/auth/userinfo.email"]
[debug] [2026-02-11T06:29:05.772Z] > command requires scopes: ["email","openid","https://www.googleapis.com/auth/cloudplatformprojects.readonly","https://www.googleapis.com/auth/firebase","https://www.googleapis.com/auth/cloud-platform","https://www.googleapis.com/auth/userinfo.email"]
[error] Failed to fetch Firebase Project from Studio Workspace because WORKSPACE_SLUG environment variable is empty
[error] Failed to fetch Firebase Project from Studio Workspace because WORKSPACE_SLUG environment variable is empty
[error] Failed to fetch Firebase Project from Studio Workspace because WORKSPACE_SLUG environment variable is empty
[debug] [2026-02-11T06:29:16.322Z] > command requires scopes: ["email","openid","https://www.googleapis.com/auth/cloudplatformprojects.readonly","https://www.googleapis.com/auth/firebase","https://www.googleapis.com/auth/cloud-platform","https://www.googleapis.com/auth/userinfo.email"]
[error] Failed to fetch Firebase Project from Studio Workspace because WORKSPACE_SLUG environment variable is empty
[debug] [2026-02-11T06:29:18.887Z] > command requires scopes: ["email","openid","https://www.googleapis.com/auth/cloudplatformprojects.readonly","https://www.googleapis.com/auth/firebase","https://www.googleapis.com/auth/cloud-platform","https://www.googleapis.com/auth/userinfo.email"]
[error] Failed to fetch Firebase Project from Studio Workspace because WORKSPACE_SLUG environment variable is empty
[error] Failed to fetch Firebase Project from Studio Workspace because WORKSPACE_SLUG environment variable is empty
[error] Failed to fetch Firebase Project from Studio Workspace because WORKSPACE_SLUG environment variable is empty
[debug] [2026-02-11T06:29:18.924Z] > command requires scopes: ["email","openid","https://www.googleapis.com/auth/cloudplatformprojects.readonly","https://www.googleapis.com/auth/firebase","https://www.googleapis.com/auth/cloud-platform","https://www.googleapis.com/auth/userinfo.email"]
[error] Failed to fetch Firebase Project from Studio Workspace because WORKSPACE_SLUG environment variable is empty
[error] Failed to fetch Firebase Project from Studio Workspace because WORKSPACE_SLUG environment variable is empty
[error] Failed to fetch Firebase Project from Studio Workspace because WORKSPACE_SLUG environment variable is empty
[debug] [2026-02-11T06:29:18.936Z] > command requires scopes: ["email","openid","https://www.googleapis.com/auth/cloudplatformprojects.readonly","https://www.googleapis.com/auth/firebase","https://www.googleapis.com/auth/cloud-platform","https://www.googleapis.com/auth/userinfo.email"]
[error] Failed to fetch Firebase Project from Studio Workspace because WORKSPACE_SLUG environment variable is empty
[error] Failed to fetch Firebase Project from Studio Workspace because WORKSPACE_SLUG environment variable is empty
[debug] [2026-02-11T06:29:21.305Z] > command requires scopes: ["email","openid","https://www.googleapis.com/auth/cloudplatformprojects.readonly","https://www.googleapis.com/auth/firebase","https://www.googleapis.com/auth/cloud-platform","https://www.googleapis.com/auth/userinfo.email"]
[debug] [2026-02-11T06:29:21.305Z] > command requires scopes: ["email","openid","https://www.googleapis.com/auth/cloudplatformprojects.readonly","https://www.googleapis.com/auth/firebase","https://www.googleapis.com/auth/cloud-platform","https://www.googleapis.com/auth/userinfo.email"]
[error] Failed to fetch Firebase Project from Studio Workspace because WORKSPACE_SLUG environment variable is empty
[error] Failed to fetch Firebase Project from Studio Workspace because WORKSPACE_SLUG environment variable is empty
[error] Failed to fetch Firebase Project from Studio Workspace because WORKSPACE_SLUG environment variable is empty
[error] Failed to fetch Firebase Project from Studio Workspace because WORKSPACE_SLUG environment variable is empty
[debug] [2026-02-11T13:11:52.245Z] > command requires scopes: ["email","openid","https://www.googleapis.com/auth/cloudplatformprojects.readonly","https://www.googleapis.com/auth/firebase","https://www.googleapis.com/auth/cloud-platform","https://www.googleapis.com/auth/userinfo.email"]
[debug] [2026-02-11T13:11:52.248Z] > command requires scopes: ["email","openid","https://www.googleapis.com/auth/cloudplatformprojects.readonly","https://www.googleapis.com/auth/firebase","https://www.googleapis.com/auth/cloud-platform","https://www.googleapis.com/auth/userinfo.email"]
[error] Failed to fetch Firebase Project from Studio Workspace because WORKSPACE_SLUG environment variable is empty
[error] Failed to fetch Firebase Project from Studio Workspace because WORKSPACE_SLUG environment variable is empty
[error] Failed to fetch Firebase Project from Studio Workspace because WORKSPACE_SLUG environment variable is empty
[debug] [2026-02-11T13:12:10.652Z] > command requires scopes: ["email","openid","https://www.googleapis.com/auth/cloudplatformprojects.readonly","https://www.googleapis.com/auth/firebase","https://www.googleapis.com/auth/cloud-platform","https://www.googleapis.com/auth/userinfo.email"]
[error] Failed to fetch Firebase Project from Studio Workspace because WORKSPACE_SLUG environment variable is empty
[debug] [2026-02-11T13:12:13.050Z] > command requires scopes: ["email","openid","https://www.googleapis.com/auth/cloudplatformprojects.readonly","https://www.googleapis.com/auth/firebase","https://www.googleapis.com/auth/cloud-platform","https://www.googleapis.com/auth/userinfo.email"]
[error] Failed to fetch Firebase Project from Studio Workspace because WORKSPACE_SLUG environment variable is empty
[error] Failed to fetch Firebase Project from Studio Workspace because WORKSPACE_SLUG environment variable is empty
[error] Failed to fetch Firebase Project from Studio Workspace because WORKSPACE_SLUG environment variable is empty
[debug] [2026-02-11T13:12:13.062Z] > command requires scopes: ["email","openid","https://www.googleapis.com/auth/cloudplatformprojects.readonly","https://www.googleapis.com/auth/firebase","https://www.googleapis.com/auth/cloud-platform","https://www.googleapis.com/auth/userinfo.email"]
[error] Failed to fetch Firebase Project from Studio Workspace because WORKSPACE_SLUG environment variable is empty
[error] Failed to fetch Firebase Project from Studio Workspace because WORKSPACE_SLUG environment variable is empty
[error] Failed to fetch Firebase Project from Studio Workspace because WORKSPACE_SLUG environment variable is empty
[debug] [2026-02-11T13:12:13.071Z] > command requires scopes: ["email","openid","https://www.googleapis.com/auth/cloudplatformprojects.readonly","https://www.googleapis.com/auth/firebase","https://www.googleapis.com/auth/cloud-platform","https://www.googleapis.com/auth/userinfo.email"]
[error] Failed to fetch Firebase Project from Studio Workspace because WORKSPACE_SLUG environment variable is empty
[error] Failed to fetch Firebase Project from Studio Workspace because WORKSPACE_SLUG environment variable is empty
[debug] [2026-02-11T13:12:15.454Z] > command requires scopes: ["email","openid","https://www.googleapis.com/auth/cloudplatformprojects.readonly","https://www.googleapis.com/auth/firebase","https://www.googleapis.com/auth/cloud-platform","https://www.googleapis.com/auth/userinfo.email"]
[debug] [2026-02-11T13:12:15.454Z] > command requires scopes: ["email","openid","https://www.googleapis.com/auth/cloudplatformprojects.readonly","https://www.googleapis.com/auth/firebase","https://www.googleapis.com/auth/cloud-platform","https://www.googleapis.com/auth/userinfo.email"]
[error] Failed to fetch Firebase Project from Studio Workspace because WORKSPACE_SLUG environment variable is empty
[error] Failed to fetch Firebase Project from Studio Workspace because WORKSPACE_SLUG environment variable is empty
[error] Failed to fetch Firebase Project from Studio Workspace because WORKSPACE_SLUG environment variable is empty
[error] Failed to fetch Firebase Project from Studio Workspace because WORKSPACE_SLUG environment variable is empty
[debug] [2026-02-11T13:24:00.319Z] > command requires scopes: ["email","openid","https://www.googleapis.com/auth/cloudplatformprojects.readonly","https://www.googleapis.com/auth/firebase","https://www.googleapis.com/auth/cloud-platform","https://www.googleapis.com/auth/userinfo.email"]
[debug] [2026-02-11T13:24:00.323Z] > command requires scopes: ["email","openid","https://www.googleapis.com/auth/cloudplatformprojects.readonly","https://www.googleapis.com/auth/firebase","https://www.googleapis.com/auth/cloud-platform","https://www.googleapis.com/auth/userinfo.email"]
[error] Failed to fetch Firebase Project from Studio Workspace because WORKSPACE_SLUG environment variable is empty
[error] Failed to fetch Firebase Project from Studio Workspace because WORKSPACE_SLUG environment variable is empty
[error] Failed to fetch Firebase Project from Studio Workspace because WORKSPACE_SLUG environment variable is empty
[debug] [2026-02-11T13:24:10.880Z] > command requires scopes: ["email","openid","https://www.googleapis.com/auth/cloudplatformprojects.readonly","https://www.googleapis.com/auth/firebase","https://www.googleapis.com/auth/cloud-platform","https://www.googleapis.com/auth/userinfo.email"]
[error] Failed to fetch Firebase Project from Studio Workspace because WORKSPACE_SLUG environment variable is empty
[debug] [2026-02-11T13:24:13.375Z] > command requires scopes: ["email","openid","https://www.googleapis.com/auth/cloudplatformprojects.readonly","https://www.googleapis.com/auth/firebase","https://www.googleapis.com/auth/cloud-platform","https://www.googleapis.com/auth/userinfo.email"]
[error] Failed to fetch Firebase Project from Studio Workspace because WORKSPACE_SLUG environment variable is empty
[error] Failed to fetch Firebase Project from Studio Workspace because WORKSPACE_SLUG environment variable is empty
[error] Failed to fetch Firebase Project from Studio Workspace because WORKSPACE_SLUG environment variable is empty
[debug] [2026-02-11T13:24:13.390Z] > command requires scopes: ["email","openid","https://www.googleapis.com/auth/cloudplatformprojects.readonly","https://www.googleapis.com/auth/firebase","https://www.googleapis.com/auth/cloud-platform","https://www.googleapis.com/auth/userinfo.email"]
[error] Failed to fetch Firebase Project from Studio Workspace because WORKSPACE_SLUG environment variable is empty
[error] Failed to fetch Firebase Project from Studio Workspace because WORKSPACE_SLUG environment variable is empty
[error] Failed to fetch Firebase Project from Studio Workspace because WORKSPACE_SLUG environment variable is empty
[debug] [2026-02-11T13:24:13.399Z] > command requires scopes: ["email","openid","https://www.googleapis.com/auth/cloudplatformprojects.readonly","https://www.googleapis.com/auth/firebase","https://www.googleapis.com/auth/cloud-platform","https://www.googleapis.com/auth/userinfo.email"]
[error] Failed to fetch Firebase Project from Studio Workspace because WORKSPACE_SLUG environment variable is empty
[error] Failed to fetch Firebase Project from Studio Workspace because WORKSPACE_SLUG environment variable is empty
[debug] [2026-02-11T13:24:15.787Z] > command requires scopes: ["email","openid","https://www.googleapis.com/auth/cloudplatformprojects.readonly","https://www.googleapis.com/auth/firebase","https://www.googleapis.com/auth/cloud-platform","https://www.googleapis.com/auth/userinfo.email"]
[debug] [2026-02-11T13:24:15.787Z] > command requires scopes: ["email","openid","https://www.googleapis.com/auth/cloudplatformprojects.readonly","https://www.googleapis.com/auth/firebase","https://www.googleapis.com/auth/cloud-platform","https://www.googleapis.com/auth/userinfo.email"]
[error] Failed to fetch Firebase Project from Studio Workspace because WORKSPACE_SLUG environment variable is empty
[error] Failed to fetch Firebase Project from Studio Workspace because WORKSPACE_SLUG environment variable is empty
[error] Failed to fetch Firebase Project from Studio Workspace because WORKSPACE_SLUG environment variable is empty
[error] Failed to fetch Firebase Project from Studio Workspace because WORKSPACE_SLUG environment variable is empty
[debug] [2026-02-12T05:59:46.177Z] > command requires scopes: ["email","openid","https://www.googleapis.com/auth/cloudplatformprojects.readonly","https://www.googleapis.com/auth/firebase","https://www.googleapis.com/auth/cloud-platform","https://www.googleapis.com/auth/userinfo.email"]
[debug] [2026-02-12T05:59:46.179Z] > command requires scopes: ["email","openid","https://www.googleapis.com/auth/cloudplatformprojects.readonly","https://www.googleapis.com/auth/firebase","https://www.googleapis.com/auth/cloud-platform","https://www.googleapis.com/auth/userinfo.email"]
[error] Failed to fetch Firebase Project from Studio Workspace because WORKSPACE_SLUG environment variable is empty
[error] Failed to fetch Firebase Project from Studio Workspace because WORKSPACE_SLUG environment variable is empty
[error] Failed to fetch Firebase Project from Studio Workspace because WORKSPACE_SLUG environment variable is empty
[error] Failed to fetch Firebase Project from Studio Workspace because WORKSPACE_SLUG environment variable is empty
[debug] [2026-02-12T06:00:45.721Z] > command requires scopes: ["email","openid","https://www.googleapis.com/auth/cloudplatformprojects.readonly","https://www.googleapis.com/auth/firebase","https://www.googleapis.com/auth/cloud-platform","https://www.googleapis.com/auth/userinfo.email"]
[debug] [2026-02-12T06:00:45.722Z] > command requires scopes: ["email","openid","https://www.googleapis.com/auth/cloudplatformprojects.readonly","https://www.googleapis.com/auth/firebase","https://www.googleapis.com/auth/cloud-platform","https://www.googleapis.com/auth/userinfo.email"]
[error] Failed to fetch Firebase Project from Studio Workspace because WORKSPACE_SLUG environment variable is empty
[error] Failed to fetch Firebase Project from Studio Workspace because WORKSPACE_SLUG environment variable is empty
[error] Failed to fetch Firebase Project from Studio Workspace because WORKSPACE_SLUG environment variable is empty
[debug] [2026-02-12T06:02:23.010Z] > command requires scopes: ["email","openid","https://www.googleapis.com/auth/cloudplatformprojects.readonly","https://www.googleapis.com/auth/firebase","https://www.googleapis.com/auth/cloud-platform","https://www.googleapis.com/auth/userinfo.email"]
[error] Failed to fetch Firebase Project from Studio Workspace because WORKSPACE_SLUG environment variable is empty
[error] Failed to fetch Firebase Project from Studio Workspace because WORKSPACE_SLUG environment variable is empty
[error] Failed to fetch Firebase Project from Studio Workspace because WORKSPACE_SLUG environment variable is empty
[debug] [2026-02-12T06:02:23.027Z] > command requires scopes: ["email","openid","https://www.googleapis.com/auth/cloudplatformprojects.readonly","https://www.googleapis.com/auth/firebase","https://www.googleapis.com/auth/cloud-platform","https://www.googleapis.com/auth/userinfo.email"]
[error] Failed to fetch Firebase Project from Studio Workspace because WORKSPACE_SLUG environment variable is empty
[error] Failed to fetch Firebase Project from Studio Workspace because WORKSPACE_SLUG environment variable is empty
[error] Failed to fetch Firebase Project from Studio Workspace because WORKSPACE_SLUG environment variable is empty
[debug] [2026-02-12T06:02:23.031Z] > command requires scopes: ["email","openid","https://www.googleapis.com/auth/cloudplatformprojects.readonly","https://www.googleapis.com/auth/firebase","https://www.googleapis.com/auth/cloud-platform","https://www.googleapis.com/auth/userinfo.email"]
[error] Failed to fetch Firebase Project from Studio Workspace because WORKSPACE_SLUG environment variable is empty
[error] Failed to fetch Firebase Project from Studio Workspace because WORKSPACE_SLUG environment variable is empty
[error] Failed to fetch Firebase Project from Studio Workspace because WORKSPACE_SLUG environment variable is empty
[debug] [2026-02-12T06:04:25.222Z] > command requires scopes: ["email","openid","https://www.googleapis.com/auth/cloudplatformprojects.readonly","https://www.googleapis.com/auth/firebase","https://www.googleapis.com/auth/cloud-platform","https://www.googleapis.com/auth/userinfo.email"]
[debug] [2026-02-12T06:04:25.222Z] > command requires scopes: ["email","openid","https://www.googleapis.com/auth/cloudplatformprojects.readonly","https://www.googleapis.com/auth/firebase","https://www.googleapis.com/auth/cloud-platform","https://www.googleapis.com/auth/userinfo.email"]
[debug] [2026-02-12T06:04:25.223Z] > command requires scopes: ["email","openid","https://www.googleapis.com/auth/cloudplatformprojects.readonly","https://www.googleapis.com/auth/firebase","https://www.googleapis.com/auth/cloud-platform","https://www.googleapis.com/auth/userinfo.email"]
[error] Failed to fetch Firebase Project from Studio Workspace because WORKSPACE_SLUG environment variable is empty
[error] Failed to fetch Firebase Project from Studio Workspace because WORKSPACE_SLUG environment variable is empty
[error] Failed to fetch Firebase Project from Studio Workspace because WORKSPACE_SLUG environment variable is empty
[error] Failed to fetch Firebase Project from Studio Workspace because WORKSPACE_SLUG environment variable is empty
[debug] [2026-02-12T08:39:02.490Z] > command requires scopes: ["email","openid","https://www.googleapis.com/auth/cloudplatformprojects.readonly","https://www.googleapis.com/auth/firebase","https://www.googleapis.com/auth/cloud-platform","https://www.googleapis.com/auth/userinfo.email"]
[debug] [2026-02-12T08:39:02.492Z] > command requires scopes: ["email","openid","https://www.googleapis.com/auth/cloudplatformprojects.readonly","https://www.googleapis.com/auth/firebase","https://www.googleapis.com/auth/cloud-platform","https://www.googleapis.com/auth/userinfo.email"]
[error] Failed to fetch Firebase Project from Studio Workspace because WORKSPACE_SLUG environment variable is empty
[error] Failed to fetch Firebase Project from Studio Workspace because WORKSPACE_SLUG environment variable is empty
[error] Failed to fetch Firebase Project from Studio Workspace because WORKSPACE_SLUG environment variable is empty
[debug] [2026-02-12T08:39:14.667Z] > command requires scopes: ["email","openid","https://www.googleapis.com/auth/cloudplatformprojects.readonly","https://www.googleapis.com/auth/firebase","https://www.googleapis.com/auth/cloud-platform","https://www.googleapis.com/auth/userinfo.email"]
[error] Failed to fetch Firebase Project from Studio Workspace because WORKSPACE_SLUG environment variable is empty
[error] Failed to fetch Firebase Project from Studio Workspace because WORKSPACE_SLUG environment variable is empty
[error] Failed to fetch Firebase Project from Studio Workspace because WORKSPACE_SLUG environment variable is empty
[error] Failed to fetch Firebase Project from Studio Workspace because WORKSPACE_SLUG environment variable is empty
[error] Failed to fetch Firebase Project from Studio Workspace because WORKSPACE_SLUG environment variable is empty
[debug] [2026-02-12T08:43:16.808Z] > command requires scopes: ["email","openid","https://www.googleapis.com/auth/cloudplatformprojects.readonly","https://www.googleapis.com/auth/firebase","https://www.googleapis.com/auth/cloud-platform","https://www.googleapis.com/auth/userinfo.email"]
[debug] [2026-02-12T08:43:16.810Z] > command requires scopes: ["email","openid","https://www.googleapis.com/auth/cloudplatformprojects.readonly","https://www.googleapis.com/auth/firebase","https://www.googleapis.com/auth/cloud-platform","https://www.googleapis.com/auth/userinfo.email"]
[error] Failed to fetch Firebase Project from Studio Workspace because WORKSPACE_SLUG environment variable is empty
[error] Failed to fetch Firebase Project from Studio Workspace because WORKSPACE_SLUG environment variable is empty
[error] Failed to fetch Firebase Project from Studio Workspace because WORKSPACE_SLUG environment variable is empty
[debug] [2026-02-12T08:43:25.650Z] > command requires scopes: ["email","openid","https://www.googleapis.com/auth/cloudplatformprojects.readonly","https://www.googleapis.com/auth/firebase","https://www.googleapis.com/auth/cloud-platform","https://www.googleapis.com/auth/userinfo.email"]
[error] Failed to fetch Firebase Project from Studio Workspace because WORKSPACE_SLUG environment variable is empty
[debug] [2026-02-12T08:43:28.055Z] > command requires scopes: ["email","openid","https://www.googleapis.com/auth/cloudplatformprojects.readonly","https://www.googleapis.com/auth/firebase","https://www.googleapis.com/auth/cloud-platform","https://www.googleapis.com/auth/userinfo.email"]
[error] Failed to fetch Firebase Project from Studio Workspace because WORKSPACE_SLUG environment variable is empty
[error] Failed to fetch Firebase Project from Studio Workspace because WORKSPACE_SLUG environment variable is empty
[error] Failed to fetch Firebase Project from Studio Workspace because WORKSPACE_SLUG environment variable is empty
[debug] [2026-02-12T08:43:28.093Z] > command requires scopes: ["email","openid","https://www.googleapis.com/auth/cloudplatformprojects.readonly","https://www.googleapis.com/auth/firebase","https://www.googleapis.com/auth/cloud-platform","https://www.googleapis.com/auth/userinfo.email"]
[error] Failed to fetch Firebase Project from Studio Workspace because WORKSPACE_SLUG environment variable is empty
[error] Failed to fetch Firebase Project from Studio Workspace because WORKSPACE_SLUG environment variable is empty
[error] Failed to fetch Firebase Project from Studio Workspace because WORKSPACE_SLUG environment variable is empty
[debug] [2026-02-12T08:43:28.108Z] > command requires scopes: ["email","openid","https://www.googleapis.com/auth/cloudplatformprojects.readonly","https://www.googleapis.com/auth/firebase","https://www.googleapis.com/auth/cloud-platform","https://www.googleapis.com/auth/userinfo.email"]
[error] Failed to fetch Firebase Project from Studio Workspace because WORKSPACE_SLUG environment variable is empty
[error] Failed to fetch Firebase Project from Studio Workspace because WORKSPACE_SLUG environment variable is empty
[debug] [2026-02-12T08:43:30.590Z] > command requires scopes: ["email","openid","https://www.googleapis.com/auth/cloudplatformprojects.readonly","https://www.googleapis.com/auth/firebase","https://www.googleapis.com/auth/cloud-platform","https://www.googleapis.com/auth/userinfo.email"]
[debug] [2026-02-12T08:43:30.591Z] > command requires scopes: ["email","openid","https://www.googleapis.com/auth/cloudplatformprojects.readonly","https://www.googleapis.com/auth/firebase","https://www.googleapis.com/auth/cloud-platform","https://www.googleapis.com/auth/userinfo.email"]
[error] Failed to fetch Firebase Project from Studio Workspace because WORKSPACE_SLUG environment variable is empty
[error] Failed to fetch Firebase Project from Studio Workspace because WORKSPACE_SLUG environment variable is empty
[error] Failed to fetch Firebase Project from Studio Workspace because WORKSPACE_SLUG environment variable is empty
[error] Failed to fetch Firebase Project from Studio Workspace because WORKSPACE_SLUG environment variable is empty
[debug] [2026-02-13T05:44:48.254Z] > command requires scopes: ["email","openid","https://www.googleapis.com/auth/cloudplatformprojects.readonly","https://www.googleapis.com/auth/firebase","https://www.googleapis.com/auth/cloud-platform","https://www.googleapis.com/auth/userinfo.email"]
[debug] [2026-02-13T05:44:48.259Z] > command requires scopes: ["email","openid","https://www.googleapis.com/auth/cloudplatformprojects.readonly","https://www.googleapis.com/auth/firebase","https://www.googleapis.com/auth/cloud-platform","https://www.googleapis.com/auth/userinfo.email"]
[error] Failed to fetch Firebase Project from Studio Workspace because WORKSPACE_SLUG environment variable is empty
[error] Failed to fetch Firebase Project from Studio Workspace because WORKSPACE_SLUG environment variable is empty
[error] Failed to fetch Firebase Project from Studio Workspace because WORKSPACE_SLUG environment variable is empty
[debug] [2026-02-13T05:44:55.136Z] > command requires scopes: ["email","openid","https://www.googleapis.com/auth/cloudplatformprojects.readonly","https://www.googleapis.com/auth/firebase","https://www.googleapis.com/auth/cloud-platform","https://www.googleapis.com/auth/userinfo.email"]
[error] Failed to fetch Firebase Project from Studio Workspace because WORKSPACE_SLUG environment variable is empty
[debug] [2026-02-13T05:44:57.296Z] > command requires scopes: ["email","openid","https://www.googleapis.com/auth/cloudplatformprojects.readonly","https://www.googleapis.com/auth/firebase","https://www.googleapis.com/auth/cloud-platform","https://www.googleapis.com/auth/userinfo.email"]
[error] Failed to fetch Firebase Project from Studio Workspace because WORKSPACE_SLUG environment variable is empty
[error] Failed to fetch Firebase Project from Studio Workspace because WORKSPACE_SLUG environment variable is empty
[error] Failed to fetch Firebase Project from Studio Workspace because WORKSPACE_SLUG environment variable is empty
[debug] [2026-02-13T05:44:57.334Z] > command requires scopes: ["email","openid","https://www.googleapis.com/auth/cloudplatformprojects.readonly","https://www.googleapis.com/auth/firebase","https://www.googleapis.com/auth/cloud-platform","https://www.googleapis.com/auth/userinfo.email"]
[error] Failed to fetch Firebase Project from Studio Workspace because WORKSPACE_SLUG environment variable is empty
[error] Failed to fetch Firebase Project from Studio Workspace because WORKSPACE_SLUG environment variable is empty
[error] Failed to fetch Firebase Project from Studio Workspace because WORKSPACE_SLUG environment variable is empty
[debug] [2026-02-13T05:44:57.351Z] > command requires scopes: ["email","openid","https://www.googleapis.com/auth/cloudplatformprojects.readonly","https://www.googleapis.com/auth/firebase","https://www.googleapis.com/auth/cloud-platform","https://www.googleapis.com/auth/userinfo.email"]
[error] Failed to fetch Firebase Project from Studio Workspace because WORKSPACE_SLUG environment variable is empty
[error] Failed to fetch Firebase Project from Studio Workspace because WORKSPACE_SLUG environment variable is empty
[debug] [2026-02-13T05:44:59.482Z] > command requires scopes: ["email","openid","https://www.googleapis.com/auth/cloudplatformprojects.readonly","https://www.googleapis.com/auth/firebase","https://www.googleapis.com/auth/cloud-platform","https://www.googleapis.com/auth/userinfo.email"]
[debug] [2026-02-13T05:44:59.483Z] > command requires scopes: ["email","openid","https://www.googleapis.com/auth/cloudplatformprojects.readonly","https://www.googleapis.com/auth/firebase","https://www.googleapis.com/auth/cloud-platform","https://www.googleapis.com/auth/userinfo.email"]
[error] Failed to fetch Firebase Project from Studio Workspace because WORKSPACE_SLUG environment variable is empty
[error] Failed to fetch Firebase Project from Studio Workspace because WORKSPACE_SLUG environment variable is empty
[error] Failed to fetch Firebase Project from Studio Workspace because WORKSPACE_SLUG environment variable is empty
[error] Failed to fetch Firebase Project from Studio Workspace because WORKSPACE_SLUG environment variable is empty
[debug] [2026-02-20T04:31:43.309Z] > command requires scopes: ["email","openid","https://www.googleapis.com/auth/cloudplatformprojects.readonly","https://www.googleapis.com/auth/firebase","https://www.googleapis.com/auth/cloud-platform","https://www.googleapis.com/auth/userinfo.email"]
[debug] [2026-02-20T04:31:43.314Z] > command requires scopes: ["email","openid","https://www.googleapis.com/auth/cloudplatformprojects.readonly","https://www.googleapis.com/auth/firebase","https://www.googleapis.com/auth/cloud-platform","https://www.googleapis.com/auth/userinfo.email"]
[error] Failed to fetch Firebase Project from Studio Workspace because WORKSPACE_SLUG environment variable is empty
[error] Failed to fetch Firebase Project from Studio Workspace because WORKSPACE_SLUG environment variable is empty
[error] Failed to fetch Firebase Project from Studio Workspace because WORKSPACE_SLUG environment variable is empty
[debug] [2026-02-20T04:31:55.750Z] > command requires scopes: ["email","openid","https://www.googleapis.com/auth/cloudplatformprojects.readonly","https://www.googleapis.com/auth/firebase","https://www.googleapis.com/auth/cloud-platform","https://www.googleapis.com/auth/userinfo.email"]
[debug] [2026-02-20T04:31:58.207Z] >>> [apiv2][query] POST https://developerknowledge.googleapis.com/mcp [none]
[debug] [2026-02-20T04:31:58.208Z] >>> [apiv2][body] POST https://developerknowledge.googleapis.com/mcp {"method":"tools/list","jsonrpc":"2.0","id":1}
[debug] [2026-02-20T04:31:58.535Z] <<< [apiv2][status] POST https://developerknowledge.googleapis.com/mcp 200
[debug] [2026-02-20T04:31:58.536Z] <<< [apiv2][body] POST https://developerknowledge.googleapis.com/mcp {"id":1,"jsonrpc":"2.0","result":{"tools":[{"annotations":{"destructiveHint":false,"idempotentHint":true,"openWorldHint":false,"readOnlyHint":true},"description":"Use this tool to find documentation about Google developer products.\nThe documents contain official APIs, code snippets, release notes, best\npractices, guides, debugging info, and more. It covers the following\nproducts and domains:\n\n* Android: developer.android.com\n* Apigee: docs.apigee.com\n* Chrome: developer.chrome.com\n* Firebase: firebase.google.com\n* Fuchsia: fuchsia.dev\n* Google AI: ai.google.dev\n* Google Cloud: docs.cloud.google.com\n* Google Developers, Ads, Search, Google Maps, Youtube: developers.google.com\n* Google Home: developers.home.google.com\n* TensorFlow: www.tensorflow.org\n* Web: web.dev\n\nThis tool returns chunks of text, names, and URLs for matching documents.\nIf the returned chunks are not detailed enough to answer the\nuser's question, use `get_document` or `batch_get_documents` with the\n`parent` from this tool's output to retrieve the full document\ncontent.","inputSchema":{"description":"Request schema for search_documents. Use the query field to search for related Google developer documentation.","properties":{"query":{"description":"Required. The raw query string provided by the user, such as \"How to create a Cloud Storage bucket?\".","type":"string"}},"required":["query"],"type":"object"},"name":"search_documents","outputSchema":{"$defs":{"DocumentChunk":{"description":"A DocumentChunk represents a piece of content from a Document in the DeveloperKnowledge corpus. To fetch the entire document content, pass the `parent` to get_document or batch_get_documents.","properties":{"content":{"description":"Output only. The content of the document chunk.","readOnly":true,"type":"string"},"id":{"description":"Output only. The ID of this chunk within the document. The chunk ID is unique within a document, but not globally unique across documents. The chunk ID is not stable and may change over time.","readOnly":true,"type":"string"},"parent":{"description":"Output only. The resource name of the document this chunk is from. Format: `documents/{uri_without_scheme}` Example: `documents/docs.cloud.google.com/storage/docs/creating-buckets`","readOnly":true,"type":"string"}},"type":"object"}},"description":"Response schema for search_documents.","properties":{"results":{"description":"The search results for the given query. Each Document in this list contains a snippet of content relevant to the search query. Use the Document.name field of each result with get_document or batch_get_documents to retrieve the full document content.","items":{"$ref":"#/$defs/DocumentChunk"},"type":"array"}},"type":"object"}},{"annotations":{"destructiveHint":false,"idempotentHint":true,"openWorldHint":false,"readOnlyHint":true},"description":"Use this tool to retrieve the full content of a single document. The\ndocument name should be obtained from the `parent` field of results from a\ncall to the `search_documents` tool. If you need to retrieve multiple\ndocuments, use `batch_get_documents` instead.","inputSchema":{"description":"Request schema for get_document.","properties":{"name":{"description":"Required. The name of the document to retrieve. Format: `documents/{uri_without_scheme}` Example: `documents/docs.cloud.google.com/storage/docs/creating-buckets`","type":"string"}},"required":["name"],"type":"object"},"name":"get_document","outputSchema":{"description":"A Document represents a piece of content from the Developer Knowledge corpus.","properties":{"content":{"description":"Output only. The content of the document in Markdown format. If this document is returned by search_documents, this field contains a snippet of text relevant to the search query. If this document is returned by get_document or batch_get_documents, this field contains the full document content.","readOnly":true,"type":"string"},"description":{"description":"Output only. A description of the document.","readOnly":true,"type":"string"},"name":{"description":"Identifier. The resource name of the document. Format: `documents/{uri_without_scheme}` Example: `documents/docs.cloud.google.com/storage/docs/creating-buckets`","type":"string","x-google-identifier":true},"uri":{"description":"Output only. The URI of the content, such as `https://cloud.google.com/storage/docs/creating-buckets`.","readOnly":true,"type":"string"}},"type":"object"}},{"annotations":{"destructiveHint":false,"idempotentHint":true,"openWorldHint":false,"readOnlyHint":true},"description":"Use this tool to retrieve the full content of up to 20 documents in a\nsingle call. The document names should be obtained from the `parent` field\nof results from a call to the `search_documents` tool. Use this tool\ninstead of calling `get_document` multiple times to fetch multiple\ndocuments.","inputSchema":{"description":"Request schema for batch_get_documents.","properties":{"names":{"description":"Required. The names of the documents to retrieve, as returned by search_documents. A maximum of 20 documents can be retrieved in a batch. The documents are returned in the same order as the `names` in the request. Format: `documents/{uri_without_scheme}` Example: `documents/docs.cloud.google.com/storage/docs/creating-buckets`","items":{"type":"string"},"type":"array"}},"required":["names"],"type":"object"},"name":"batch_get_documents","outputSchema":{"$defs":{"Document":{"description":"A Document represents a piece of content from the Developer Knowledge corpus.","properties":{"content":{"description":"Output only. The content of the document in Markdown format. If this document is returned by search_documents, this field contains a snippet of text relevant to the search query. If this document is returned by get_document or batch_get_documents, this field contains the full document content.","readOnly":true,"type":"string"},"description":{"description":"Output only. A description of the document.","readOnly":true,"type":"string"},"name":{"description":"Identifier. The resource name of the document. Format: `documents/{uri_without_scheme}` Example: `documents/docs.cloud.google.com/storage/docs/creating-buckets`","type":"string","x-google-identifier":true},"uri":{"description":"Output only. The URI of the content, such as `https://cloud.google.com/storage/docs/creating-buckets`.","readOnly":true,"type":"string"}},"type":"object"}},"description":"Response schema for batch_get_documents.","properties":{"documents":{"description":"Documents requested.","items":{"$ref":"#/$defs/Document"},"type":"array"}},"type":"object"}}]}}
[error] Failed to fetch Firebase Project from Studio Workspace because WORKSPACE_SLUG environment variable is empty
[debug] [2026-02-20T04:31:58.542Z] > command requires scopes: ["email","openid","https://www.googleapis.com/auth/cloudplatformprojects.readonly","https://www.googleapis.com/auth/firebase","https://www.googleapis.com/auth/cloud-platform","https://www.googleapis.com/auth/userinfo.email"]
[error] Failed to fetch Firebase Project from Studio Workspace because WORKSPACE_SLUG environment variable is empty
[error] Failed to fetch Firebase Project from Studio Workspace because WORKSPACE_SLUG environment variable is empty
[error] Failed to fetch Firebase Project from Studio Workspace because WORKSPACE_SLUG environment variable is empty
[debug] [2026-02-20T04:31:58.602Z] > command requires scopes: ["email","openid","https://www.googleapis.com/auth/cloudplatformprojects.readonly","https://www.googleapis.com/auth/firebase","https://www.googleapis.com/auth/cloud-platform","https://www.googleapis.com/auth/userinfo.email"]
[error] Failed to fetch Firebase Project from Studio Workspace because WORKSPACE_SLUG environment variable is empty
[error] Failed to fetch Firebase Project from Studio Workspace because WORKSPACE_SLUG environment variable is empty
[error] Failed to fetch Firebase Project from Studio Workspace because WORKSPACE_SLUG environment variable is empty
[debug] [2026-02-20T04:31:58.610Z] > command requires scopes: ["email","openid","https://www.googleapis.com/auth/cloudplatformprojects.readonly","https://www.googleapis.com/auth/firebase","https://www.googleapis.com/auth/cloud-platform","https://www.googleapis.com/auth/userinfo.email"]
[debug] [2026-02-20T04:32:01.138Z] >>> [apiv2][query] POST https://developerknowledge.googleapis.com/mcp [none]
[debug] [2026-02-20T04:32:01.138Z] >>> [apiv2][body] POST https://developerknowledge.googleapis.com/mcp {"method":"tools/list","jsonrpc":"2.0","id":1}
[error] Failed to fetch Firebase Project from Studio Workspace because WORKSPACE_SLUG environment variable is empty
[debug] [2026-02-20T04:32:01.142Z] > command requires scopes: ["email","openid","https://www.googleapis.com/auth/cloudplatformprojects.readonly","https://www.googleapis.com/auth/firebase","https://www.googleapis.com/auth/cloud-platform","https://www.googleapis.com/auth/userinfo.email"]
[debug] [2026-02-20T04:32:01.210Z] <<< [apiv2][status] POST https://developerknowledge.googleapis.com/mcp 200
[debug] [2026-02-20T04:32:01.211Z] <<< [apiv2][body] POST https://developerknowledge.googleapis.com/mcp {"id":1,"jsonrpc":"2.0","result":{"tools":[{"annotations":{"destructiveHint":false,"idempotentHint":true,"openWorldHint":false,"readOnlyHint":true},"description":"Use this tool to find documentation about Google developer products.\nThe documents contain official APIs, code snippets, release notes, best\npractices, guides, debugging info, and more. It covers the following\nproducts and domains:\n\n* Android: developer.android.com\n* Apigee: docs.apigee.com\n* Chrome: developer.chrome.com\n* Firebase: firebase.google.com\n* Fuchsia: fuchsia.dev\n* Google AI: ai.google.dev\n* Google Cloud: docs.cloud.google.com\n* Google Developers, Ads, Search, Google Maps, Youtube: developers.google.com\n* Google Home: developers.home.google.com\n* TensorFlow: www.tensorflow.org\n* Web: web.dev\n\nThis tool returns chunks of text, names, and URLs for matching documents.\nIf the returned chunks are not detailed enough to answer the\nuser's question, use `get_document` or `batch_get_documents` with the\n`parent` from this tool's output to retrieve the full document\ncontent.","inputSchema":{"description":"Request schema for search_documents. Use the query field to search for related Google developer documentation.","properties":{"query":{"description":"Required. The raw query string provided by the user, such as \"How to create a Cloud Storage bucket?\".","type":"string"}},"required":["query"],"type":"object"},"name":"search_documents","outputSchema":{"$defs":{"DocumentChunk":{"description":"A DocumentChunk represents a piece of content from a Document in the DeveloperKnowledge corpus. To fetch the entire document content, pass the `parent` to get_document or batch_get_documents.","properties":{"content":{"description":"Output only. The content of the document chunk.","readOnly":true,"type":"string"},"id":{"description":"Output only. The ID of this chunk within the document. The chunk ID is unique within a document, but not globally unique across documents. The chunk ID is not stable and may change over time.","readOnly":true,"type":"string"},"parent":{"description":"Output only. The resource name of the document this chunk is from. Format: `documents/{uri_without_scheme}` Example: `documents/docs.cloud.google.com/storage/docs/creating-buckets`","readOnly":true,"type":"string"}},"type":"object"}},"description":"Response schema for search_documents.","properties":{"results":{"description":"The search results for the given query. Each Document in this list contains a snippet of content relevant to the search query. Use the Document.name field of each result with get_document or batch_get_documents to retrieve the full document content.","items":{"$ref":"#/$defs/DocumentChunk"},"type":"array"}},"type":"object"}},{"annotations":{"destructiveHint":false,"idempotentHint":true,"openWorldHint":false,"readOnlyHint":true},"description":"Use this tool to retrieve the full content of a single document. The\ndocument name should be obtained from the `parent` field of results from a\ncall to the `search_documents` tool. If you need to retrieve multiple\ndocuments, use `batch_get_documents` instead.","inputSchema":{"description":"Request schema for get_document.","properties":{"name":{"description":"Required. The name of the document to retrieve. Format: `documents/{uri_without_scheme}` Example: `documents/docs.cloud.google.com/storage/docs/creating-buckets`","type":"string"}},"required":["name"],"type":"object"},"name":"get_document","outputSchema":{"description":"A Document represents a piece of content from the Developer Knowledge corpus.","properties":{"content":{"description":"Output only. The content of the document in Markdown format. If this document is returned by search_documents, this field contains a snippet of text relevant to the search query. If this document is returned by get_document or batch_get_documents, this field contains the full document content.","readOnly":true,"type":"string"},"description":{"description":"Output only. A description of the document.","readOnly":true,"type":"string"},"name":{"description":"Identifier. The resource name of the document. Format: `documents/{uri_without_scheme}` Example: `documents/docs.cloud.google.com/storage/docs/creating-buckets`","type":"string","x-google-identifier":true},"uri":{"description":"Output only. The URI of the content, such as `https://cloud.google.com/storage/docs/creating-buckets`.","readOnly":true,"type":"string"}},"type":"object"}},{"annotations":{"destructiveHint":false,"idempotentHint":true,"openWorldHint":false,"readOnlyHint":true},"description":"Use this tool to retrieve the full content of up to 20 documents in a\nsingle call. The document names should be obtained from the `parent` field\nof results from a call to the `search_documents` tool. Use this tool\ninstead of calling `get_document` multiple times to fetch multiple\ndocuments.","inputSchema":{"description":"Request schema for batch_get_documents.","properties":{"names":{"description":"Required. The names of the documents to retrieve, as returned by search_documents. A maximum of 20 documents can be retrieved in a batch. The documents are returned in the same order as the `names` in the request. Format: `documents/{uri_without_scheme}` Example: `documents/docs.cloud.google.com/storage/docs/creating-buckets`","items":{"type":"string"},"type":"array"}},"required":["names"],"type":"object"},"name":"batch_get_documents","outputSchema":{"$defs":{"Document":{"description":"A Document represents a piece of content from the Developer Knowledge corpus.","properties":{"content":{"description":"Output only. The content of the document in Markdown format. If this document is returned by search_documents, this field contains a snippet of text relevant to the search query. If this document is returned by get_document or batch_get_documents, this field contains the full document content.","readOnly":true,"type":"string"},"description":{"description":"Output only. A description of the document.","readOnly":true,"type":"string"},"name":{"description":"Identifier. The resource name of the document. Format: `documents/{uri_without_scheme}` Example: `documents/docs.cloud.google.com/storage/docs/creating-buckets`","type":"string","x-google-identifier":true},"uri":{"description":"Output only. The URI of the content, such as `https://cloud.google.com/storage/docs/creating-buckets`.","readOnly":true,"type":"string"}},"type":"object"}},"description":"Response schema for batch_get_documents.","properties":{"documents":{"description":"Documents requested.","items":{"$ref":"#/$defs/Document"},"type":"array"}},"type":"object"}}]}}
[error] Failed to fetch Firebase Project from Studio Workspace because WORKSPACE_SLUG environment variable is empty
[debug] [2026-02-20T04:32:01.221Z] > command requires scopes: ["email","openid","https://www.googleapis.com/auth/cloudplatformprojects.readonly","https://www.googleapis.com/auth/firebase","https://www.googleapis.com/auth/cloud-platform","https://www.googleapis.com/auth/userinfo.email"]
[error] Failed to fetch Firebase Project from Studio Workspace because WORKSPACE_SLUG environment variable is empty
[error] Failed to fetch Firebase Project from Studio Workspace because WORKSPACE_SLUG environment variable is empty
[error] Failed to fetch Firebase Project from Studio Workspace because WORKSPACE_SLUG environment variable is empty
[error] Failed to fetch Firebase Project from Studio Workspace because WORKSPACE_SLUG environment variable is empty
[debug] [2026-02-21T07:41:12.938Z] > command requires scopes: ["email","openid","https://www.googleapis.com/auth/cloudplatformprojects.readonly","https://www.googleapis.com/auth/firebase","https://www.googleapis.com/auth/cloud-platform","https://www.googleapis.com/auth/userinfo.email"]
[debug] [2026-02-21T07:41:12.942Z] > command requires scopes: ["email","openid","https://www.googleapis.com/auth/cloudplatformprojects.readonly","https://www.googleapis.com/auth/firebase","https://www.googleapis.com/auth/cloud-platform","https://www.googleapis.com/auth/userinfo.email"]
[error] Failed to fetch Firebase Project from Studio Workspace because WORKSPACE_SLUG environment variable is empty
[error] Failed to fetch Firebase Project from Studio Workspace because WORKSPACE_SLUG environment variable is empty
[debug] [2026-02-21T07:42:12.561Z] > command requires scopes: ["email","openid","https://www.googleapis.com/auth/cloudplatformprojects.readonly","https://www.googleapis.com/auth/firebase","https://www.googleapis.com/auth/cloud-platform","https://www.googleapis.com/auth/userinfo.email"]
[error] Failed to fetch Firebase Project from Studio Workspace because WORKSPACE_SLUG environment variable is empty
[error] Failed to fetch Firebase Project from Studio Workspace because WORKSPACE_SLUG environment variable is empty
[debug] [2026-02-21T07:42:12.566Z] > command requires scopes: ["email","openid","https://www.googleapis.com/auth/cloudplatformprojects.readonly","https://www.googleapis.com/auth/firebase","https://www.googleapis.com/auth/cloud-platform","https://www.googleapis.com/auth/userinfo.email"]
[error] Failed to fetch Firebase Project from Studio Workspace because WORKSPACE_SLUG environment variable is empty
[error] Failed to fetch Firebase Project from Studio Workspace because WORKSPACE_SLUG environment variable is empty
[error] Failed to fetch Firebase Project from Studio Workspace because WORKSPACE_SLUG environment variable is empty
[debug] [2026-02-21T07:42:49.530Z] > command requires scopes: ["email","openid","https://www.googleapis.com/auth/cloudplatformprojects.readonly","https://www.googleapis.com/auth/firebase","https://www.googleapis.com/auth/cloud-platform","https://www.googleapis.com/auth/userinfo.email"]
[error] Failed to fetch Firebase Project from Studio Workspace because WORKSPACE_SLUG environment variable is empty
[error] Failed to fetch Firebase Project from Studio Workspace because WORKSPACE_SLUG environment variable is empty
[error] Failed to fetch Firebase Project from Studio Workspace because WORKSPACE_SLUG environment variable is empty
[debug] [2026-02-21T07:42:49.539Z] > command requires scopes: ["email","openid","https://www.googleapis.com/auth/cloudplatformprojects.readonly","https://www.googleapis.com/auth/firebase","https://www.googleapis.com/auth/cloud-platform","https://www.googleapis.com/auth/userinfo.email"]
[error] Failed to fetch Firebase Project from Studio Workspace because WORKSPACE_SLUG environment variable is empty
[error] Failed to fetch Firebase Project from Studio Workspace because WORKSPACE_SLUG environment variable is empty
[error] Failed to fetch Firebase Project from Studio Workspace because WORKSPACE_SLUG environment variable is empty
[debug] [2026-02-21T07:42:49.543Z] > command requires scopes: ["email","openid","https://www.googleapis.com/auth/cloudplatformprojects.readonly","https://www.googleapis.com/auth/firebase","https://www.googleapis.com/auth/cloud-platform","https://www.googleapis.com/auth/userinfo.email"]
[debug] [2026-02-21T07:42:51.908Z] >>> [apiv2][query] POST https://developerknowledge.googleapis.com/mcp [none]
[debug] [2026-02-21T07:42:51.908Z] >>> [apiv2][body] POST https://developerknowledge.googleapis.com/mcp {"method":"tools/list","jsonrpc":"2.0","id":1}
[debug] [2026-02-21T07:42:51.945Z] >>> [apiv2][query] POST https://developerknowledge.googleapis.com/mcp [none]
[debug] [2026-02-21T07:42:51.945Z] >>> [apiv2][body] POST https://developerknowledge.googleapis.com/mcp {"method":"tools/list","jsonrpc":"2.0","id":1}
[error] Failed to fetch Firebase Project from Studio Workspace because WORKSPACE_SLUG environment variable is empty
[debug] [2026-02-21T07:42:51.948Z] > command requires scopes: ["email","openid","https://www.googleapis.com/auth/cloudplatformprojects.readonly","https://www.googleapis.com/auth/firebase","https://www.googleapis.com/auth/cloud-platform","https://www.googleapis.com/auth/userinfo.email"]
[debug] [2026-02-21T07:42:52.222Z] <<< [apiv2][status] POST https://developerknowledge.googleapis.com/mcp 200
[debug] [2026-02-21T07:42:52.224Z] <<< [apiv2][body] POST https://developerknowledge.googleapis.com/mcp {"id":1,"jsonrpc":"2.0","result":{"tools":[{"annotations":{"destructiveHint":false,"idempotentHint":true,"openWorldHint":false,"readOnlyHint":true},"description":"Use this tool to find documentation about Google developer products.\nThe documents contain official APIs, code snippets, release notes, best\npractices, guides, debugging info, and more. It covers the following\nproducts and domains:\n\n* Android: developer.android.com\n* Apigee: docs.apigee.com\n* Chrome: developer.chrome.com\n* Firebase: firebase.google.com\n* Fuchsia: fuchsia.dev\n* Google AI: ai.google.dev\n* Google Cloud: docs.cloud.google.com\n* Google Developers, Ads, Search, Google Maps, Youtube: developers.google.com\n* Google Home: developers.home.google.com\n* TensorFlow: www.tensorflow.org\n* Web: web.dev\n\nThis tool returns chunks of text, names, and URLs for matching documents.\nIf the returned chunks are not detailed enough to answer the\nuser's question, use `get_document` or `batch_get_documents` with the\n`parent` from this tool's output to retrieve the full document\ncontent.","inputSchema":{"description":"Request schema for search_documents. Use the query field to search for related Google developer documentation.","properties":{"query":{"description":"Required. The raw query string provided by the user, such as \"How to create a Cloud Storage bucket?\".","type":"string"}},"required":["query"],"type":"object"},"name":"search_documents","outputSchema":{"$defs":{"DocumentChunk":{"description":"A DocumentChunk represents a piece of content from a Document in the DeveloperKnowledge corpus. To fetch the entire document content, pass the `parent` to get_document or batch_get_documents.","properties":{"content":{"description":"Output only. The content of the document chunk.","readOnly":true,"type":"string"},"id":{"description":"Output only. The ID of this chunk within the document. The chunk ID is unique within a document, but not globally unique across documents. The chunk ID is not stable and may change over time.","readOnly":true,"type":"string"},"parent":{"description":"Output only. The resource name of the document this chunk is from. Format: `documents/{uri_without_scheme}` Example: `documents/docs.cloud.google.com/storage/docs/creating-buckets`","readOnly":true,"type":"string"}},"type":"object"}},"description":"Response schema for search_documents.","properties":{"results":{"description":"The search results for the given query. Each Document in this list contains a snippet of content relevant to the search query. Use the Document.name field of each result with get_document or batch_get_documents to retrieve the full document content.","items":{"$ref":"#/$defs/DocumentChunk"},"type":"array"}},"type":"object"}},{"annotations":{"destructiveHint":false,"idempotentHint":true,"openWorldHint":false,"readOnlyHint":true},"description":"Use this tool to retrieve the full content of a single document. The\ndocument name should be obtained from the `parent` field of results from a\ncall to the `search_documents` tool. If you need to retrieve multiple\ndocuments, use `batch_get_documents` instead.","inputSchema":{"description":"Request schema for get_document.","properties":{"name":{"description":"Required. The name of the document to retrieve. Format: `documents/{uri_without_scheme}` Example: `documents/docs.cloud.google.com/storage/docs/creating-buckets`","type":"string"}},"required":["name"],"type":"object"},"name":"get_document","outputSchema":{"description":"A Document represents a piece of content from the Developer Knowledge corpus.","properties":{"content":{"description":"Output only. The content of the document in Markdown format. If this document is returned by search_documents, this field contains a snippet of text relevant to the search query. If this document is returned by get_document or batch_get_documents, this field contains the full document content.","readOnly":true,"type":"string"},"description":{"description":"Output only. A description of the document.","readOnly":true,"type":"string"},"name":{"description":"Identifier. The resource name of the document. Format: `documents/{uri_without_scheme}` Example: `documents/docs.cloud.google.com/storage/docs/creating-buckets`","type":"string","x-google-identifier":true},"uri":{"description":"Output only. The URI of the content, such as `https://cloud.google.com/storage/docs/creating-buckets`.","readOnly":true,"type":"string"}},"type":"object"}},{"annotations":{"destructiveHint":false,"idempotentHint":true,"openWorldHint":false,"readOnlyHint":true},"description":"Use this tool to retrieve the full content of up to 20 documents in a\nsingle call. The document names should be obtained from the `parent` field\nof results from a call to the `search_documents` tool. Use this tool\ninstead of calling `get_document` multiple times to fetch multiple\ndocuments.","inputSchema":{"description":"Request schema for batch_get_documents.","properties":{"names":{"description":"Required. The names of the documents to retrieve, as returned by search_documents. A maximum of 20 documents can be retrieved in a batch. The documents are returned in the same order as the `names` in the request. Format: `documents/{uri_without_scheme}` Example: `documents/docs.cloud.google.com/storage/docs/creating-buckets`","items":{"type":"string"},"type":"array"}},"required":["names"],"type":"object"},"name":"batch_get_documents","outputSchema":{"$defs":{"Document":{"description":"A Document represents a piece of content from the Developer Knowledge corpus.","properties":{"content":{"description":"Output only. The content of the document in Markdown format. If this document is returned by search_documents, this field contains a snippet of text relevant to the search query. If this document is returned by get_document or batch_get_documents, this field contains the full document content.","readOnly":true,"type":"string"},"description":{"description":"Output only. A description of the document.","readOnly":true,"type":"string"},"name":{"description":"Identifier. The resource name of the document. Format: `documents/{uri_without_scheme}` Example: `documents/docs.cloud.google.com/storage/docs/creating-buckets`","type":"string","x-google-identifier":true},"uri":{"description":"Output only. The URI of the content, such as `https://cloud.google.com/storage/docs/creating-buckets`.","readOnly":true,"type":"string"}},"type":"object"}},"description":"Response schema for batch_get_documents.","properties":{"documents":{"description":"Documents requested.","items":{"$ref":"#/$defs/Document"},"type":"array"}},"type":"object"}}]}}
[error] Failed to fetch Firebase Project from Studio Workspace because WORKSPACE_SLUG environment variable is empty
[debug] [2026-02-21T07:42:52.237Z] > command requires scopes: ["email","openid","https://www.googleapis.com/auth/cloudplatformprojects.readonly","https://www.googleapis.com/auth/firebase","https://www.googleapis.com/auth/cloud-platform","https://www.googleapis.com/auth/userinfo.email"]
[debug] [2026-02-21T07:42:52.241Z] <<< [apiv2][status] POST https://developerknowledge.googleapis.com/mcp 200
[debug] [2026-02-21T07:42:52.241Z] <<< [apiv2][body] POST https://developerknowledge.googleapis.com/mcp {"id":1,"jsonrpc":"2.0","result":{"tools":[{"annotations":{"destructiveHint":false,"idempotentHint":true,"openWorldHint":false,"readOnlyHint":true},"description":"Use this tool to find documentation about Google developer products.\nThe documents contain official APIs, code snippets, release notes, best\npractices, guides, debugging info, and more. It covers the following\nproducts and domains:\n\n* Android: developer.android.com\n* Apigee: docs.apigee.com\n* Chrome: developer.chrome.com\n* Firebase: firebase.google.com\n* Fuchsia: fuchsia.dev\n* Google AI: ai.google.dev\n* Google Cloud: docs.cloud.google.com\n* Google Developers, Ads, Search, Google Maps, Youtube: developers.google.com\n* Google Home: developers.home.google.com\n* TensorFlow: www.tensorflow.org\n* Web: web.dev\n\nThis tool returns chunks of text, names, and URLs for matching documents.\nIf the returned chunks are not detailed enough to answer the\nuser's question, use `get_document` or `batch_get_documents` with the\n`parent` from this tool's output to retrieve the full document\ncontent.","inputSchema":{"description":"Request schema for search_documents. Use the query field to search for related Google developer documentation.","properties":{"query":{"description":"Required. The raw query string provided by the user, such as \"How to create a Cloud Storage bucket?\".","type":"string"}},"required":["query"],"type":"object"},"name":"search_documents","outputSchema":{"$defs":{"DocumentChunk":{"description":"A DocumentChunk represents a piece of content from a Document in the DeveloperKnowledge corpus. To fetch the entire document content, pass the `parent` to get_document or batch_get_documents.","properties":{"content":{"description":"Output only. The content of the document chunk.","readOnly":true,"type":"string"},"id":{"description":"Output only. The ID of this chunk within the document. The chunk ID is unique within a document, but not globally unique across documents. The chunk ID is not stable and may change over time.","readOnly":true,"type":"string"},"parent":{"description":"Output only. The resource name of the document this chunk is from. Format: `documents/{uri_without_scheme}` Example: `documents/docs.cloud.google.com/storage/docs/creating-buckets`","readOnly":true,"type":"string"}},"type":"object"}},"description":"Response schema for search_documents.","properties":{"results":{"description":"The search results for the given query. Each Document in this list contains a snippet of content relevant to the search query. Use the Document.name field of each result with get_document or batch_get_documents to retrieve the full document content.","items":{"$ref":"#/$defs/DocumentChunk"},"type":"array"}},"type":"object"}},{"annotations":{"destructiveHint":false,"idempotentHint":true,"openWorldHint":false,"readOnlyHint":true},"description":"Use this tool to retrieve the full content of a single document. The\ndocument name should be obtained from the `parent` field of results from a\ncall to the `search_documents` tool. If you need to retrieve multiple\ndocuments, use `batch_get_documents` instead.","inputSchema":{"description":"Request schema for get_document.","properties":{"name":{"description":"Required. The name of the document to retrieve. Format: `documents/{uri_without_scheme}` Example: `documents/docs.cloud.google.com/storage/docs/creating-buckets`","type":"string"}},"required":["name"],"type":"object"},"name":"get_document","outputSchema":{"description":"A Document represents a piece of content from the Developer Knowledge corpus.","properties":{"content":{"description":"Output only. The content of the document in Markdown format. If this document is returned by search_documents, this field contains a snippet of text relevant to the search query. If this document is returned by get_document or batch_get_documents, this field contains the full document content.","readOnly":true,"type":"string"},"description":{"description":"Output only. A description of the document.","readOnly":true,"type":"string"},"name":{"description":"Identifier. The resource name of the document. Format: `documents/{uri_without_scheme}` Example: `documents/docs.cloud.google.com/storage/docs/creating-buckets`","type":"string","x-google-identifier":true},"uri":{"description":"Output only. The URI of the content, such as `https://cloud.google.com/storage/docs/creating-buckets`.","readOnly":true,"type":"string"}},"type":"object"}},{"annotations":{"destructiveHint":false,"idempotentHint":true,"openWorldHint":false,"readOnlyHint":true},"description":"Use this tool to retrieve the full content of up to 20 documents in a\nsingle call. The document names should be obtained from the `parent` field\nof results from a call to the `search_documents` tool. Use this tool\ninstead of calling `get_document` multiple times to fetch multiple\ndocuments.","inputSchema":{"description":"Request schema for batch_get_documents.","properties":{"names":{"description":"Required. The names of the documents to retrieve, as returned by search_documents. A maximum of 20 documents can be retrieved in a batch. The documents are returned in the same order as the `names` in the request. Format: `documents/{uri_without_scheme}` Example: `documents/docs.cloud.google.com/storage/docs/creating-buckets`","items":{"type":"string"},"type":"array"}},"required":["names"],"type":"object"},"name":"batch_get_documents","outputSchema":{"$defs":{"Document":{"description":"A Document represents a piece of content from the Developer Knowledge corpus.","properties":{"content":{"description":"Output only. The content of the document in Markdown format. If this document is returned by search_documents, this field contains a snippet of text relevant to the search query. If this document is returned by get_document or batch_get_documents, this field contains the full document content.","readOnly":true,"type":"string"},"description":{"description":"Output only. A description of the document.","readOnly":true,"type":"string"},"name":{"description":"Identifier. The resource name of the document. Format: `documents/{uri_without_scheme}` Example: `documents/docs.cloud.google.com/storage/docs/creating-buckets`","type":"string","x-google-identifier":true},"uri":{"description":"Output only. The URI of the content, such as `https://cloud.google.com/storage/docs/creating-buckets`.","readOnly":true,"type":"string"}},"type":"object"}},"description":"Response schema for batch_get_documents.","properties":{"documents":{"description":"Documents requested.","items":{"$ref":"#/$defs/Document"},"type":"array"}},"type":"object"}}]}}
[error] Failed to fetch Firebase Project from Studio Workspace because WORKSPACE_SLUG environment variable is empty
[debug] [2026-02-21T07:42:52.243Z] > command requires scopes: ["email","openid","https://www.googleapis.com/auth/cloudplatformprojects.readonly","https://www.googleapis.com/auth/firebase","https://www.googleapis.com/auth/cloud-platform","https://www.googleapis.com/auth/userinfo.email"]
[error] Failed to fetch Firebase Project from Studio Workspace because WORKSPACE_SLUG environment variable is empty
[error] Failed to fetch Firebase Project from Studio Workspace because WORKSPACE_SLUG environment variable is empty
[error] Failed to fetch Firebase Project from Studio Workspace because WORKSPACE_SLUG environment variable is empty
[error] Failed to fetch Firebase Project from Studio Workspace because WORKSPACE_SLUG environment variable is empty
[debug] [2026-02-26T15:29:03.167Z] > command requires scopes: ["email","openid","https://www.googleapis.com/auth/cloudplatformprojects.readonly","https://www.googleapis.com/auth/firebase","https://www.googleapis.com/auth/cloud-platform","https://www.googleapis.com/auth/userinfo.email"]
[debug] [2026-02-26T15:29:03.171Z] > command requires scopes: ["email","openid","https://www.googleapis.com/auth/cloudplatformprojects.readonly","https://www.googleapis.com/auth/firebase","https://www.googleapis.com/auth/cloud-platform","https://www.googleapis.com/auth/userinfo.email"]
[error] Failed to fetch Firebase Project from Studio Workspace because WORKSPACE_SLUG environment variable is empty
[error] Failed to fetch Firebase Project from Studio Workspace because WORKSPACE_SLUG environment variable is empty
[error] Failed to fetch Firebase Project from Studio Workspace because WORKSPACE_SLUG environment variable is empty
[debug] [2026-02-26T15:29:13.401Z] > command requires scopes: ["email","openid","https://www.googleapis.com/auth/cloudplatformprojects.readonly","https://www.googleapis.com/auth/firebase","https://www.googleapis.com/auth/cloud-platform","https://www.googleapis.com/auth/userinfo.email"]
[debug] [2026-02-26T15:29:15.867Z] >>> [apiv2][query] POST https://developerknowledge.googleapis.com/mcp [none]
[debug] [2026-02-26T15:29:15.871Z] >>> [apiv2][body] POST https://developerknowledge.googleapis.com/mcp {"method":"tools/list","jsonrpc":"2.0","id":1}
[debug] [2026-02-26T15:29:16.284Z] <<< [apiv2][status] POST https://developerknowledge.googleapis.com/mcp 200
[debug] [2026-02-26T15:29:16.284Z] <<< [apiv2][body] POST https://developerknowledge.googleapis.com/mcp {"id":1,"jsonrpc":"2.0","result":{"tools":[{"annotations":{"destructiveHint":false,"idempotentHint":true,"openWorldHint":false,"readOnlyHint":true},"description":"Use this tool to find documentation about Google developer products.\nThe documents contain official APIs, code snippets, release notes, best\npractices, guides, debugging info, and more. It covers the following\nproducts and domains:\n\n* Android: developer.android.com\n* Apigee: docs.apigee.com\n* Chrome: developer.chrome.com\n* Firebase: firebase.google.com\n* Fuchsia: fuchsia.dev\n* Google AI: ai.google.dev\n* Google Cloud: docs.cloud.google.com\n* Google Developers, Ads, Search, Google Maps, Youtube: developers.google.com\n* Google Home: developers.home.google.com\n* TensorFlow: www.tensorflow.org\n* Web: web.dev\n\nThis tool returns chunks of text, names, and URLs for matching documents.\nIf the returned chunks are not detailed enough to answer the\nuser's question, use `get_document` or `batch_get_documents` with the\n`parent` from this tool's output to retrieve the full document\ncontent.","inputSchema":{"description":"Request schema for search_documents. Use the query field to search for related Google developer documentation.","properties":{"query":{"description":"Required. The raw query string provided by the user, such as \"How to create a Cloud Storage bucket?\".","type":"string"}},"required":["query"],"type":"object"},"name":"search_documents","outputSchema":{"$defs":{"DocumentChunk":{"description":"A DocumentChunk represents a piece of content from a Document in the DeveloperKnowledge corpus. To fetch the entire document content, pass the `parent` to get_document or batch_get_documents.","properties":{"content":{"description":"Output only. The content of the document chunk.","readOnly":true,"type":"string"},"id":{"description":"Output only. The ID of this chunk within the document. The chunk ID is unique within a document, but not globally unique across documents. The chunk ID is not stable and may change over time.","readOnly":true,"type":"string"},"parent":{"description":"Output only. The resource name of the document this chunk is from. Format: `documents/{uri_without_scheme}` Example: `documents/docs.cloud.google.com/storage/docs/creating-buckets`","readOnly":true,"type":"string"}},"type":"object"}},"description":"Response schema for search_documents.","properties":{"results":{"description":"The search results for the given query. Each Document in this list contains a snippet of content relevant to the search query. Use the Document.name field of each result with get_document or batch_get_documents to retrieve the full document content.","items":{"$ref":"#/$defs/DocumentChunk"},"type":"array"}},"type":"object"}},{"annotations":{"destructiveHint":false,"idempotentHint":true,"openWorldHint":false,"readOnlyHint":true},"description":"Use this tool to retrieve the full content of a single document. The\ndocument name should be obtained from the `parent` field of results from a\ncall to the `search_documents` tool. If you need to retrieve multiple\ndocuments, use `batch_get_documents` instead.","inputSchema":{"description":"Request schema for get_document.","properties":{"name":{"description":"Required. The name of the document to retrieve. Format: `documents/{uri_without_scheme}` Example: `documents/docs.cloud.google.com/storage/docs/creating-buckets`","type":"string"}},"required":["name"],"type":"object"},"name":"get_document","outputSchema":{"description":"A Document represents a piece of content from the Developer Knowledge corpus.","properties":{"content":{"description":"Output only. The content of the document in Markdown format. If this document is returned by search_documents, this field contains a snippet of text relevant to the search query. If this document is returned by get_document or batch_get_documents, this field contains the full document content.","readOnly":true,"type":"string"},"description":{"description":"Output only. A description of the document.","readOnly":true,"type":"string"},"name":{"description":"Identifier. The resource name of the document. Format: `documents/{uri_without_scheme}` Example: `documents/docs.cloud.google.com/storage/docs/creating-buckets`","type":"string","x-google-identifier":true},"uri":{"description":"Output only. The URI of the content, such as `https://cloud.google.com/storage/docs/creating-buckets`.","readOnly":true,"type":"string"}},"type":"object"}},{"annotations":{"destructiveHint":false,"idempotentHint":true,"openWorldHint":false,"readOnlyHint":true},"description":"Use this tool to retrieve the full content of up to 20 documents in a\nsingle call. The document names should be obtained from the `parent` field\nof results from a call to the `search_documents` tool. Use this tool\ninstead of calling `get_document` multiple times to fetch multiple\ndocuments.","inputSchema":{"description":"Request schema for batch_get_documents.","properties":{"names":{"description":"Required. The names of the documents to retrieve, as returned by search_documents. A maximum of 20 documents can be retrieved in a batch. The documents are returned in the same order as the `names` in the request. Format: `documents/{uri_without_scheme}` Example: `documents/docs.cloud.google.com/storage/docs/creating-buckets`","items":{"type":"string"},"type":"array"}},"required":["names"],"type":"object"},"name":"batch_get_documents","outputSchema":{"$defs":{"Document":{"description":"A Document represents a piece of content from the Developer Knowledge corpus.","properties":{"content":{"description":"Output only. The content of the document in Markdown format. If this document is returned by search_documents, this field contains a snippet of text relevant to the search query. If this document is returned by get_document or batch_get_documents, this field contains the full document content.","readOnly":true,"type":"string"},"description":{"description":"Output only. A description of the document.","readOnly":true,"type":"string"},"name":{"description":"Identifier. The resource name of the document. Format: `documents/{uri_without_scheme}` Example: `documents/docs.cloud.google.com/storage/docs/creating-buckets`","type":"string","x-google-identifier":true},"uri":{"description":"Output only. The URI of the content, such as `https://cloud.google.com/storage/docs/creating-buckets`.","readOnly":true,"type":"string"}},"type":"object"}},"description":"Response schema for batch_get_documents.","properties":{"documents":{"description":"Documents requested.","items":{"$ref":"#/$defs/Document"},"type":"array"}},"type":"object"}}]}}
[error] Failed to fetch Firebase Project from Studio Workspace because WORKSPACE_SLUG environment variable is empty
[debug] [2026-02-26T15:29:16.292Z] > command requires scopes: ["email","openid","https://www.googleapis.com/auth/cloudplatformprojects.readonly","https://www.googleapis.com/auth/firebase","https://www.googleapis.com/auth/cloud-platform","https://www.googleapis.com/auth/userinfo.email"]
[error] Failed to fetch Firebase Project from Studio Workspace because WORKSPACE_SLUG environment variable is empty
[error] Failed to fetch Firebase Project from Studio Workspace because WORKSPACE_SLUG environment variable is empty
[error] Failed to fetch Firebase Project from Studio Workspace because WORKSPACE_SLUG environment variable is empty
[debug] [2026-02-26T15:29:16.429Z] > command requires scopes: ["email","openid","https://www.googleapis.com/auth/cloudplatformprojects.readonly","https://www.googleapis.com/auth/firebase","https://www.googleapis.com/auth/cloud-platform","https://www.googleapis.com/auth/userinfo.email"]
[error] Failed to fetch Firebase Project from Studio Workspace because WORKSPACE_SLUG environment variable is empty
[error] Failed to fetch Firebase Project from Studio Workspace because WORKSPACE_SLUG environment variable is empty
[error] Failed to fetch Firebase Project from Studio Workspace because WORKSPACE_SLUG environment variable is empty
[debug] [2026-02-26T15:29:16.443Z] > command requires scopes: ["email","openid","https://www.googleapis.com/auth/cloudplatformprojects.readonly","https://www.googleapis.com/auth/firebase","https://www.googleapis.com/auth/cloud-platform","https://www.googleapis.com/auth/userinfo.email"]
[debug] [2026-02-26T15:29:18.835Z] >>> [apiv2][query] POST https://developerknowledge.googleapis.com/mcp [none]
[debug] [2026-02-26T15:29:18.836Z] >>> [apiv2][body] POST https://developerknowledge.googleapis.com/mcp {"method":"tools/list","jsonrpc":"2.0","id":1}
[error] Failed to fetch Firebase Project from Studio Workspace because WORKSPACE_SLUG environment variable is empty
[debug] [2026-02-26T15:29:18.839Z] > command requires scopes: ["email","openid","https://www.googleapis.com/auth/cloudplatformprojects.readonly","https://www.googleapis.com/auth/firebase","https://www.googleapis.com/auth/cloud-platform","https://www.googleapis.com/auth/userinfo.email"]
[debug] [2026-02-26T15:29:18.886Z] <<< [apiv2][status] POST https://developerknowledge.googleapis.com/mcp 200
[debug] [2026-02-26T15:29:18.886Z] <<< [apiv2][body] POST https://developerknowledge.googleapis.com/mcp {"id":1,"jsonrpc":"2.0","result":{"tools":[{"annotations":{"destructiveHint":false,"idempotentHint":true,"openWorldHint":false,"readOnlyHint":true},"description":"Use this tool to find documentation about Google developer products.\nThe documents contain official APIs, code snippets, release notes, best\npractices, guides, debugging info, and more. It covers the following\nproducts and domains:\n\n* Android: developer.android.com\n* Apigee: docs.apigee.com\n* Chrome: developer.chrome.com\n* Firebase: firebase.google.com\n* Fuchsia: fuchsia.dev\n* Google AI: ai.google.dev\n* Google Cloud: docs.cloud.google.com\n* Google Developers, Ads, Search, Google Maps, Youtube: developers.google.com\n* Google Home: developers.home.google.com\n* TensorFlow: www.tensorflow.org\n* Web: web.dev\n\nThis tool returns chunks of text, names, and URLs for matching documents.\nIf the returned chunks are not detailed enough to answer the\nuser's question, use `get_document` or `batch_get_documents` with the\n`parent` from this tool's output to retrieve the full document\ncontent.","inputSchema":{"description":"Request schema for search_documents. Use the query field to search for related Google developer documentation.","properties":{"query":{"description":"Required. The raw query string provided by the user, such as \"How to create a Cloud Storage bucket?\".","type":"string"}},"required":["query"],"type":"object"},"name":"search_documents","outputSchema":{"$defs":{"DocumentChunk":{"description":"A DocumentChunk represents a piece of content from a Document in the DeveloperKnowledge corpus. To fetch the entire document content, pass the `parent` to get_document or batch_get_documents.","properties":{"content":{"description":"Output only. The content of the document chunk.","readOnly":true,"type":"string"},"id":{"description":"Output only. The ID of this chunk within the document. The chunk ID is unique within a document, but not globally unique across documents. The chunk ID is not stable and may change over time.","readOnly":true,"type":"string"},"parent":{"description":"Output only. The resource name of the document this chunk is from. Format: `documents/{uri_without_scheme}` Example: `documents/docs.cloud.google.com/storage/docs/creating-buckets`","readOnly":true,"type":"string"}},"type":"object"}},"description":"Response schema for search_documents.","properties":{"results":{"description":"The search results for the given query. Each Document in this list contains a snippet of content relevant to the search query. Use the Document.name field of each result with get_document or batch_get_documents to retrieve the full document content.","items":{"$ref":"#/$defs/DocumentChunk"},"type":"array"}},"type":"object"}},{"annotations":{"destructiveHint":false,"idempotentHint":true,"openWorldHint":false,"readOnlyHint":true},"description":"Use this tool to retrieve the full content of a single document. The\ndocument name should be obtained from the `parent` field of results from a\ncall to the `search_documents` tool. If you need to retrieve multiple\ndocuments, use `batch_get_documents` instead.","inputSchema":{"description":"Request schema for get_document.","properties":{"name":{"description":"Required. The name of the document to retrieve. Format: `documents/{uri_without_scheme}` Example: `documents/docs.cloud.google.com/storage/docs/creating-buckets`","type":"string"}},"required":["name"],"type":"object"},"name":"get_document","outputSchema":{"description":"A Document represents a piece of content from the Developer Knowledge corpus.","properties":{"content":{"description":"Output only. The content of the document in Markdown format. If this document is returned by search_documents, this field contains a snippet of text relevant to the search query. If this document is returned by get_document or batch_get_documents, this field contains the full document content.","readOnly":true,"type":"string"},"description":{"description":"Output only. A description of the document.","readOnly":true,"type":"string"},"name":{"description":"Identifier. The resource name of the document. Format: `documents/{uri_without_scheme}` Example: `documents/docs.cloud.google.com/storage/docs/creating-buckets`","type":"string","x-google-identifier":true},"uri":{"description":"Output only. The URI of the content, such as `https://cloud.google.com/storage/docs/creating-buckets`.","readOnly":true,"type":"string"}},"type":"object"}},{"annotations":{"destructiveHint":false,"idempotentHint":true,"openWorldHint":false,"readOnlyHint":true},"description":"Use this tool to retrieve the full content of up to 20 documents in a\nsingle call. The document names should be obtained from the `parent` field\nof results from a call to the `search_documents` tool. Use this tool\ninstead of calling `get_document` multiple times to fetch multiple\ndocuments.","inputSchema":{"description":"Request schema for batch_get_documents.","properties":{"names":{"description":"Required. The names of the documents to retrieve, as returned by search_documents. A maximum of 20 documents can be retrieved in a batch. The documents are returned in the same order as the `names` in the request. Format: `documents/{uri_without_scheme}` Example: `documents/docs.cloud.google.com/storage/docs/creating-buckets`","items":{"type":"string"},"type":"array"}},"required":["names"],"type":"object"},"name":"batch_get_documents","outputSchema":{"$defs":{"Document":{"description":"A Document represents a piece of content from the Developer Knowledge corpus.","properties":{"content":{"description":"Output only. The content of the document in Markdown format. If this document is returned by search_documents, this field contains a snippet of text relevant to the search query. If this document is returned by get_document or batch_get_documents, this field contains the full document content.","readOnly":true,"type":"string"},"description":{"description":"Output only. A description of the document.","readOnly":true,"type":"string"},"name":{"description":"Identifier. The resource name of the document. Format: `documents/{uri_without_scheme}` Example: `documents/docs.cloud.google.com/storage/docs/creating-buckets`","type":"string","x-google-identifier":true},"uri":{"description":"Output only. The URI of the content, such as `https://cloud.google.com/storage/docs/creating-buckets`.","readOnly":true,"type":"string"}},"type":"object"}},"description":"Response schema for batch_get_documents.","properties":{"documents":{"description":"Documents requested.","items":{"$ref":"#/$defs/Document"},"type":"array"}},"type":"object"}}]}}
[error] Failed to fetch Firebase Project from Studio Workspace because WORKSPACE_SLUG environment variable is empty
[debug] [2026-02-26T15:29:18.888Z] > command requires scopes: ["email","openid","https://www.googleapis.com/auth/cloudplatformprojects.readonly","https://www.googleapis.com/auth/firebase","https://www.googleapis.com/auth/cloud-platform","https://www.googleapis.com/auth/userinfo.email"]
[error] Failed to fetch Firebase Project from Studio Workspace because WORKSPACE_SLUG environment variable is empty
[error] Failed to fetch Firebase Project from Studio Workspace because WORKSPACE_SLUG environment variable is empty
[error] Failed to fetch Firebase Project from Studio Workspace because WORKSPACE_SLUG environment variable is empty
[error] Failed to fetch Firebase Project from Studio Workspace because WORKSPACE_SLUG environment variable is empty
[debug] [2026-02-27T06:23:18.232Z] > command requires scopes: ["email","openid","https://www.googleapis.com/auth/cloudplatformprojects.readonly","https://www.googleapis.com/auth/firebase","https://www.googleapis.com/auth/cloud-platform","https://www.googleapis.com/auth/userinfo.email"]
[debug] [2026-02-27T06:23:18.241Z] > command requires scopes: ["email","openid","https://www.googleapis.com/auth/cloudplatformprojects.readonly","https://www.googleapis.com/auth/firebase","https://www.googleapis.com/auth/cloud-platform","https://www.googleapis.com/auth/userinfo.email"]
[error] Failed to fetch Firebase Project from Studio Workspace because WORKSPACE_SLUG environment variable is empty
[error] Failed to fetch Firebase Project from Studio Workspace because WORKSPACE_SLUG environment variable is empty
[error] Failed to fetch Firebase Project from Studio Workspace because WORKSPACE_SLUG environment variable is empty
[debug] [2026-02-27T06:23:24.470Z] > command requires scopes: ["email","openid","https://www.googleapis.com/auth/cloudplatformprojects.readonly","https://www.googleapis.com/auth/firebase","https://www.googleapis.com/auth/cloud-platform","https://www.googleapis.com/auth/userinfo.email"]
[debug] [2026-02-27T06:23:26.915Z] >>> [apiv2][query] POST https://developerknowledge.googleapis.com/mcp [none]
[debug] [2026-02-27T06:23:26.918Z] >>> [apiv2][body] POST https://developerknowledge.googleapis.com/mcp {"method":"tools/list","jsonrpc":"2.0","id":1}
[debug] [2026-02-27T06:23:27.262Z] <<< [apiv2][status] POST https://developerknowledge.googleapis.com/mcp 200
[debug] [2026-02-27T06:23:27.270Z] <<< [apiv2][body] POST https://developerknowledge.googleapis.com/mcp {"id":1,"jsonrpc":"2.0","result":{"tools":[{"annotations":{"destructiveHint":false,"idempotentHint":true,"openWorldHint":false,"readOnlyHint":true},"description":"Use this tool to find documentation about Google developer products.\nThe documents contain official APIs, code snippets, release notes, best\npractices, guides, debugging info, and more. It covers the following\nproducts and domains:\n\n* Android: developer.android.com\n* Apigee: docs.apigee.com\n* Chrome: developer.chrome.com\n* Firebase: firebase.google.com\n* Fuchsia: fuchsia.dev\n* Google AI: ai.google.dev\n* Google Cloud: docs.cloud.google.com\n* Google Developers, Ads, Search, Google Maps, Youtube: developers.google.com\n* Google Home: developers.home.google.com\n* TensorFlow: www.tensorflow.org\n* Web: web.dev\n\nThis tool returns chunks of text, names, and URLs for matching documents.\nIf the returned chunks are not detailed enough to answer the\nuser's question, use `get_document` or `batch_get_documents` with the\n`parent` from this tool's output to retrieve the full document\ncontent.","inputSchema":{"description":"Request schema for search_documents. Use the query field to search for related Google developer documentation.","properties":{"query":{"description":"Required. The raw query string provided by the user, such as \"How to create a Cloud Storage bucket?\".","type":"string"}},"required":["query"],"type":"object"},"name":"search_documents","outputSchema":{"$defs":{"DocumentChunk":{"description":"A DocumentChunk represents a piece of content from a Document in the DeveloperKnowledge corpus. To fetch the entire document content, pass the `parent` to get_document or batch_get_documents.","properties":{"content":{"description":"Output only. The content of the document chunk.","readOnly":true,"type":"string"},"id":{"description":"Output only. The ID of this chunk within the document. The chunk ID is unique within a document, but not globally unique across documents. The chunk ID is not stable and may change over time.","readOnly":true,"type":"string"},"parent":{"description":"Output only. The resource name of the document this chunk is from. Format: `documents/{uri_without_scheme}` Example: `documents/docs.cloud.google.com/storage/docs/creating-buckets`","readOnly":true,"type":"string"}},"type":"object"}},"description":"Response schema for search_documents.","properties":{"results":{"description":"The search results for the given query. Each Document in this list contains a snippet of content relevant to the search query. Use the Document.name field of each result with get_document or batch_get_documents to retrieve the full document content.","items":{"$ref":"#/$defs/DocumentChunk"},"type":"array"}},"type":"object"}},{"annotations":{"destructiveHint":false,"idempotentHint":true,"openWorldHint":false,"readOnlyHint":true},"description":"Use this tool to retrieve the full content of a single document. The\ndocument name should be obtained from the `parent` field of results from a\ncall to the `search_documents` tool. If you need to retrieve multiple\ndocuments, use `batch_get_documents` instead.","inputSchema":{"description":"Request schema for get_document.","properties":{"name":{"description":"Required. The name of the document to retrieve. Format: `documents/{uri_without_scheme}` Example: `documents/docs.cloud.google.com/storage/docs/creating-buckets`","type":"string"}},"required":["name"],"type":"object"},"name":"get_document","outputSchema":{"description":"A Document represents a piece of content from the Developer Knowledge corpus.","properties":{"content":{"description":"Output only. The content of the document in Markdown format. If this document is returned by search_documents, this field contains a snippet of text relevant to the search query. If this document is returned by get_document or batch_get_documents, this field contains the full document content.","readOnly":true,"type":"string"},"description":{"description":"Output only. A description of the document.","readOnly":true,"type":"string"},"name":{"description":"Identifier. The resource name of the document. Format: `documents/{uri_without_scheme}` Example: `documents/docs.cloud.google.com/storage/docs/creating-buckets`","type":"string","x-google-identifier":true},"uri":{"description":"Output only. The URI of the content, such as `https://cloud.google.com/storage/docs/creating-buckets`.","readOnly":true,"type":"string"}},"type":"object"}},{"annotations":{"destructiveHint":false,"idempotentHint":true,"openWorldHint":false,"readOnlyHint":true},"description":"Use this tool to retrieve the full content of up to 20 documents in a\nsingle call. The document names should be obtained from the `parent` field\nof results from a call to the `search_documents` tool. Use this tool\ninstead of calling `get_document` multiple times to fetch multiple\ndocuments.","inputSchema":{"description":"Request schema for batch_get_documents.","properties":{"names":{"description":"Required. The names of the documents to retrieve, as returned by search_documents. A maximum of 20 documents can be retrieved in a batch. The documents are returned in the same order as the `names` in the request. Format: `documents/{uri_without_scheme}` Example: `documents/docs.cloud.google.com/storage/docs/creating-buckets`","items":{"type":"string"},"type":"array"}},"required":["names"],"type":"object"},"name":"batch_get_documents","outputSchema":{"$defs":{"Document":{"description":"A Document represents a piece of content from the Developer Knowledge corpus.","properties":{"content":{"description":"Output only. The content of the document in Markdown format. If this document is returned by search_documents, this field contains a snippet of text relevant to the search query. If this document is returned by get_document or batch_get_documents, this field contains the full document content.","readOnly":true,"type":"string"},"description":{"description":"Output only. A description of the document.","readOnly":true,"type":"string"},"name":{"description":"Identifier. The resource name of the document. Format: `documents/{uri_without_scheme}` Example: `documents/docs.cloud.google.com/storage/docs/creating-buckets`","type":"string","x-google-identifier":true},"uri":{"description":"Output only. The URI of the content, such as `https://cloud.google.com/storage/docs/creating-buckets`.","readOnly":true,"type":"string"}},"type":"object"}},"description":"Response schema for batch_get_documents.","properties":{"documents":{"description":"Documents requested.","items":{"$ref":"#/$defs/Document"},"type":"array"}},"type":"object"}}]}}
[error] Failed to fetch Firebase Project from Studio Workspace because WORKSPACE_SLUG environment variable is empty
[debug] [2026-02-27T06:23:27.283Z] > command requires scopes: ["email","openid","https://www.googleapis.com/auth/cloudplatformprojects.readonly","https://www.googleapis.com/auth/firebase","https://www.googleapis.com/auth/cloud-platform","https://www.googleapis.com/auth/userinfo.email"]
[error] Failed to fetch Firebase Project from Studio Workspace because WORKSPACE_SLUG environment variable is empty
[error] Failed to fetch Firebase Project from Studio Workspace because WORKSPACE_SLUG environment variable is empty
[error] Failed to fetch Firebase Project from Studio Workspace because WORKSPACE_SLUG environment variable is empty
[debug] [2026-02-27T06:23:27.398Z] > command requires scopes: ["email","openid","https://www.googleapis.com/auth/cloudplatformprojects.readonly","https://www.googleapis.com/auth/firebase","https://www.googleapis.com/auth/cloud-platform","https://www.googleapis.com/auth/userinfo.email"]
[error] Failed to fetch Firebase Project from Studio Workspace because WORKSPACE_SLUG environment variable is empty
[error] Failed to fetch Firebase Project from Studio Workspace because WORKSPACE_SLUG environment variable is empty
[error] Failed to fetch Firebase Project from Studio Workspace because WORKSPACE_SLUG environment variable is empty
[debug] [2026-02-27T06:23:27.411Z] > command requires scopes: ["email","openid","https://www.googleapis.com/auth/cloudplatformprojects.readonly","https://www.googleapis.com/auth/firebase","https://www.googleapis.com/auth/cloud-platform","https://www.googleapis.com/auth/userinfo.email"]
[debug] [2026-02-27T06:23:29.845Z] >>> [apiv2][query] POST https://developerknowledge.googleapis.com/mcp [none]
[debug] [2026-02-27T06:23:29.848Z] >>> [apiv2][body] POST https://developerknowledge.googleapis.com/mcp {"method":"tools/list","jsonrpc":"2.0","id":1}
[error] Failed to fetch Firebase Project from Studio Workspace because WORKSPACE_SLUG environment variable is empty
[debug] [2026-02-27T06:23:29.867Z] > command requires scopes: ["email","openid","https://www.googleapis.com/auth/cloudplatformprojects.readonly","https://www.googleapis.com/auth/firebase","https://www.googleapis.com/auth/cloud-platform","https://www.googleapis.com/auth/userinfo.email"]
[debug] [2026-02-27T06:23:29.926Z] <<< [apiv2][status] POST https://developerknowledge.googleapis.com/mcp 200
[debug] [2026-02-27T06:23:29.936Z] <<< [apiv2][body] POST https://developerknowledge.googleapis.com/mcp {"id":1,"jsonrpc":"2.0","result":{"tools":[{"annotations":{"destructiveHint":false,"idempotentHint":true,"openWorldHint":false,"readOnlyHint":true},"description":"Use this tool to find documentation about Google developer products.\nThe documents contain official APIs, code snippets, release notes, best\npractices, guides, debugging info, and more. It covers the following\nproducts and domains:\n\n* Android: developer.android.com\n* Apigee: docs.apigee.com\n* Chrome: developer.chrome.com\n* Firebase: firebase.google.com\n* Fuchsia: fuchsia.dev\n* Google AI: ai.google.dev\n* Google Cloud: docs.cloud.google.com\n* Google Developers, Ads, Search, Google Maps, Youtube: developers.google.com\n* Google Home: developers.home.google.com\n* TensorFlow: www.tensorflow.org\n* Web: web.dev\n\nThis tool returns chunks of text, names, and URLs for matching documents.\nIf the returned chunks are not detailed enough to answer the\nuser's question, use `get_document` or `batch_get_documents` with the\n`parent` from this tool's output to retrieve the full document\ncontent.","inputSchema":{"description":"Request schema for search_documents. Use the query field to search for related Google developer documentation.","properties":{"query":{"description":"Required. The raw query string provided by the user, such as \"How to create a Cloud Storage bucket?\".","type":"string"}},"required":["query"],"type":"object"},"name":"search_documents","outputSchema":{"$defs":{"DocumentChunk":{"description":"A DocumentChunk represents a piece of content from a Document in the DeveloperKnowledge corpus. To fetch the entire document content, pass the `parent` to get_document or batch_get_documents.","properties":{"content":{"description":"Output only. The content of the document chunk.","readOnly":true,"type":"string"},"id":{"description":"Output only. The ID of this chunk within the document. The chunk ID is unique within a document, but not globally unique across documents. The chunk ID is not stable and may change over time.","readOnly":true,"type":"string"},"parent":{"description":"Output only. The resource name of the document this chunk is from. Format: `documents/{uri_without_scheme}` Example: `documents/docs.cloud.google.com/storage/docs/creating-buckets`","readOnly":true,"type":"string"}},"type":"object"}},"description":"Response schema for search_documents.","properties":{"results":{"description":"The search results for the given query. Each Document in this list contains a snippet of content relevant to the search query. Use the Document.name field of each result with get_document or batch_get_documents to retrieve the full document content.","items":{"$ref":"#/$defs/DocumentChunk"},"type":"array"}},"type":"object"}},{"annotations":{"destructiveHint":false,"idempotentHint":true,"openWorldHint":false,"readOnlyHint":true},"description":"Use this tool to retrieve the full content of a single document. The\ndocument name should be obtained from the `parent` field of results from a\ncall to the `search_documents` tool. If you need to retrieve multiple\ndocuments, use `batch_get_documents` instead.","inputSchema":{"description":"Request schema for get_document.","properties":{"name":{"description":"Required. The name of the document to retrieve. Format: `documents/{uri_without_scheme}` Example: `documents/docs.cloud.google.com/storage/docs/creating-buckets`","type":"string"}},"required":["name"],"type":"object"},"name":"get_document","outputSchema":{"description":"A Document represents a piece of content from the Developer Knowledge corpus.","properties":{"content":{"description":"Output only. The content of the document in Markdown format. If this document is returned by search_documents, this field contains a snippet of text relevant to the search query. If this document is returned by get_document or batch_get_documents, this field contains the full document content.","readOnly":true,"type":"string"},"description":{"description":"Output only. A description of the document.","readOnly":true,"type":"string"},"name":{"description":"Identifier. The resource name of the document. Format: `documents/{uri_without_scheme}` Example: `documents/docs.cloud.google.com/storage/docs/creating-buckets`","type":"string","x-google-identifier":true},"uri":{"description":"Output only. The URI of the content, such as `https://cloud.google.com/storage/docs/creating-buckets`.","readOnly":true,"type":"string"}},"type":"object"}},{"annotations":{"destructiveHint":false,"idempotentHint":true,"openWorldHint":false,"readOnlyHint":true},"description":"Use this tool to retrieve the full content of up to 20 documents in a\nsingle call. The document names should be obtained from the `parent` field\nof results from a call to the `search_documents` tool. Use this tool\ninstead of calling `get_document` multiple times to fetch multiple\ndocuments.","inputSchema":{"description":"Request schema for batch_get_documents.","properties":{"names":{"description":"Required. The names of the documents to retrieve, as returned by search_documents. A maximum of 20 documents can be retrieved in a batch. The documents are returned in the same order as the `names` in the request. Format: `documents/{uri_without_scheme}` Example: `documents/docs.cloud.google.com/storage/docs/creating-buckets`","items":{"type":"string"},"type":"array"}},"required":["names"],"type":"object"},"name":"batch_get_documents","outputSchema":{"$defs":{"Document":{"description":"A Document represents a piece of content from the Developer Knowledge corpus.","properties":{"content":{"description":"Output only. The content of the document in Markdown format. If this document is returned by search_documents, this field contains a snippet of text relevant to the search query. If this document is returned by get_document or batch_get_documents, this field contains the full document content.","readOnly":true,"type":"string"},"description":{"description":"Output only. A description of the document.","readOnly":true,"type":"string"},"name":{"description":"Identifier. The resource name of the document. Format: `documents/{uri_without_scheme}` Example: `documents/docs.cloud.google.com/storage/docs/creating-buckets`","type":"string","x-google-identifier":true},"uri":{"description":"Output only. The URI of the content, such as `https://cloud.google.com/storage/docs/creating-buckets`.","readOnly":true,"type":"string"}},"type":"object"}},"description":"Response schema for batch_get_documents.","properties":{"documents":{"description":"Documents requested.","items":{"$ref":"#/$defs/Document"},"type":"array"}},"type":"object"}}]}}
[error] Failed to fetch Firebase Project from Studio Workspace because WORKSPACE_SLUG environment variable is empty
[debug] [2026-02-27T06:23:29.943Z] > command requires scopes: ["email","openid","https://www.googleapis.com/auth/cloudplatformprojects.readonly","https://www.googleapis.com/auth/firebase","https://www.googleapis.com/auth/cloud-platform","https://www.googleapis.com/auth/userinfo.email"]
[error] Failed to fetch Firebase Project from Studio Workspace because WORKSPACE_SLUG environment variable is empty
[error] Failed to fetch Firebase Project from Studio Workspace because WORKSPACE_SLUG environment variable is empty
[error] Failed to fetch Firebase Project from Studio Workspace because WORKSPACE_SLUG environment variable is empty
[error] Failed to fetch Firebase Project from Studio Workspace because WORKSPACE_SLUG environment variable is empty
[debug] [2026-03-04T03:11:44.999Z] > command requires scopes: ["email","openid","https://www.googleapis.com/auth/cloudplatformprojects.readonly","https://www.googleapis.com/auth/firebase","https://www.googleapis.com/auth/cloud-platform","https://www.googleapis.com/auth/userinfo.email"]
[debug] [2026-03-04T03:11:45.003Z] > command requires scopes: ["email","openid","https://www.googleapis.com/auth/cloudplatformprojects.readonly","https://www.googleapis.com/auth/firebase","https://www.googleapis.com/auth/cloud-platform","https://www.googleapis.com/auth/userinfo.email"]
[error] Failed to fetch Firebase Project from Studio Workspace because WORKSPACE_SLUG environment variable is empty
[error] Failed to fetch Firebase Project from Studio Workspace because WORKSPACE_SLUG environment variable is empty
[error] Failed to fetch Firebase Project from Studio Workspace because WORKSPACE_SLUG environment variable is empty
[error] Failed to fetch Firebase Project from Studio Workspace because WORKSPACE_SLUG environment variable is empty
[debug] [2026-03-04T03:12:44.225Z] > command requires scopes: ["email","openid","https://www.googleapis.com/auth/cloudplatformprojects.readonly","https://www.googleapis.com/auth/firebase","https://www.googleapis.com/auth/cloud-platform","https://www.googleapis.com/auth/userinfo.email"]
[debug] [2026-03-04T03:12:44.226Z] > command requires scopes: ["email","openid","https://www.googleapis.com/auth/cloudplatformprojects.readonly","https://www.googleapis.com/auth/firebase","https://www.googleapis.com/auth/cloud-platform","https://www.googleapis.com/auth/userinfo.email"]
[error] Failed to fetch Firebase Project from Studio Workspace because WORKSPACE_SLUG environment variable is empty
[error] Failed to fetch Firebase Project from Studio Workspace because WORKSPACE_SLUG environment variable is empty
[error] Failed to fetch Firebase Project from Studio Workspace because WORKSPACE_SLUG environment variable is empty
[debug] [2026-03-04T03:12:56.591Z] > command requires scopes: ["email","openid","https://www.googleapis.com/auth/cloudplatformprojects.readonly","https://www.googleapis.com/auth/firebase","https://www.googleapis.com/auth/cloud-platform","https://www.googleapis.com/auth/userinfo.email"]
[error] Failed to fetch Firebase Project from Studio Workspace because WORKSPACE_SLUG environment variable is empty
[error] Failed to fetch Firebase Project from Studio Workspace because WORKSPACE_SLUG environment variable is empty
[error] Failed to fetch Firebase Project from Studio Workspace because WORKSPACE_SLUG environment variable is empty
[debug] [2026-03-04T03:12:56.619Z] > command requires scopes: ["email","openid","https://www.googleapis.com/auth/cloudplatformprojects.readonly","https://www.googleapis.com/auth/firebase","https://www.googleapis.com/auth/cloud-platform","https://www.googleapis.com/auth/userinfo.email"]
[error] Failed to fetch Firebase Project from Studio Workspace because WORKSPACE_SLUG environment variable is empty
[error] Failed to fetch Firebase Project from Studio Workspace because WORKSPACE_SLUG environment variable is empty
[error] Failed to fetch Firebase Project from Studio Workspace because WORKSPACE_SLUG environment variable is empty
[debug] [2026-03-04T03:12:56.641Z] > command requires scopes: ["email","openid","https://www.googleapis.com/auth/cloudplatformprojects.readonly","https://www.googleapis.com/auth/firebase","https://www.googleapis.com/auth/cloud-platform","https://www.googleapis.com/auth/userinfo.email"]
[debug] [2026-03-04T03:12:59.073Z] >>> [apiv2][query] POST https://developerknowledge.googleapis.com/mcp [none]
[debug] [2026-03-04T03:12:59.073Z] >>> [apiv2][body] POST https://developerknowledge.googleapis.com/mcp {"method":"tools/list","jsonrpc":"2.0","id":1}
[debug] [2026-03-04T03:12:59.285Z] >>> [apiv2][query] POST https://developerknowledge.googleapis.com/mcp [none]
[debug] [2026-03-04T03:12:59.286Z] >>> [apiv2][body] POST https://developerknowledge.googleapis.com/mcp {"method":"tools/list","jsonrpc":"2.0","id":1}
[error] Failed to fetch Firebase Project from Studio Workspace because WORKSPACE_SLUG environment variable is empty
[debug] [2026-03-04T03:12:59.303Z] > command requires scopes: ["email","openid","https://www.googleapis.com/auth/cloudplatformprojects.readonly","https://www.googleapis.com/auth/firebase","https://www.googleapis.com/auth/cloud-platform","https://www.googleapis.com/auth/userinfo.email"]
[debug] [2026-03-04T03:12:59.661Z] <<< [apiv2][status] POST https://developerknowledge.googleapis.com/mcp 200
[debug] [2026-03-04T03:12:59.667Z] <<< [apiv2][body] POST https://developerknowledge.googleapis.com/mcp {"id":1,"jsonrpc":"2.0","result":{"tools":[{"annotations":{"destructiveHint":false,"idempotentHint":true,"openWorldHint":false,"readOnlyHint":true},"description":"Use this tool to find documentation about Google developer products. The documents contain official APIs, code snippets, release notes, best practices, guides, debugging info, and more. It covers the following products and domains:\n\n* Android: developer.android.com\n* Apigee: docs.apigee.com\n* Chrome: developer.chrome.com\n* Firebase: firebase.google.com\n* Fuchsia: fuchsia.dev\n* Google AI: ai.google.dev\n* Google Cloud: docs.cloud.google.com\n* Google Developers, Ads, Search, Google Maps, Youtube: developers.google.com\n* Google Home: developers.home.google.com\n* TensorFlow: www.tensorflow.org\n* Web: web.dev\n\nThis tool returns chunks of text, names, and URLs for matching documents. If the returned chunks are not detailed enough to answer the user's question, use `get_documents` with the `parent` from this tool's output to retrieve the full document content.","inputSchema":{"description":"Request schema for search_documents. Use the query field to search for related Google developer documentation.","properties":{"query":{"description":"Required. The raw query string provided by the user, such as \"How to create a Cloud Storage bucket?\".","type":"string"}},"required":["query"],"type":"object"},"name":"search_documents","outputSchema":{"$defs":{"DocumentChunk":{"description":"A DocumentChunk represents a piece of content from a Document in the DeveloperKnowledge corpus. To fetch the entire document content, pass the `parent` to get_document or batch_get_documents.","properties":{"content":{"description":"Output only. The content of the document chunk.","readOnly":true,"type":"string"},"id":{"description":"Output only. The ID of this chunk within the document. The chunk ID is unique within a document, but not globally unique across documents. The chunk ID is not stable and may change over time.","readOnly":true,"type":"string"},"parent":{"description":"Output only. The resource name of the document this chunk is from. Format: `documents/{uri_without_scheme}` Example: `documents/docs.cloud.google.com/storage/docs/creating-buckets`","readOnly":true,"type":"string"}},"type":"object"}},"description":"Response schema for search_documents.","properties":{"results":{"description":"The search results for the given query. Each Document in this list contains a snippet of content relevant to the search query. Use the DocumentChunk.name field of each result with get_documents to retrieve the full document content.","items":{"$ref":"#/$defs/DocumentChunk"},"type":"array"}},"type":"object"}},{"annotations":{"destructiveHint":false,"idempotentHint":true,"openWorldHint":false,"readOnlyHint":true},"description":"Use this tool to retrieve the full content of a single document or up to 20 documents in a single call. The document names should be obtained from the `parent` field of results from a call to the `search_documents` tool. Set the `names` parameter to a list of document names.","inputSchema":{"description":"Request schema for get_documents.","properties":{"names":{"description":"Required. The names of the documents to retrieve, as returned by search_documents. A maximum of 20 documents can be retrieved in one call. The documents are returned in the same order as the `names` in the request. Format: `documents/{uri_without_scheme}` Example: `documents/docs.cloud.google.com/storage/docs/creating-buckets`","items":{"type":"string"},"type":"array"}},"required":["names"],"type":"object"},"name":"get_documents","outputSchema":{"$defs":{"Document":{"description":"A Document represents a piece of content from the Developer Knowledge corpus.","properties":{"content":{"description":"Output only. The content of the document in Markdown format.","readOnly":true,"type":"string"},"description":{"description":"Output only. A description of the document.","readOnly":true,"type":"string"},"name":{"description":"Identifier. The resource name of the document. Format: `documents/{uri_without_scheme}` Example: `documents/docs.cloud.google.com/storage/docs/creating-buckets`","type":"string","x-google-identifier":true},"uri":{"description":"Output only. The URI of the content, such as `https://cloud.google.com/storage/docs/creating-buckets`.","readOnly":true,"type":"string"}},"type":"object"}},"description":"Response schema for get_documents.","properties":{"documents":{"description":"Documents requested.","items":{"$ref":"#/$defs/Document"},"type":"array"}},"type":"object"}}]}}
[error] Failed to fetch Firebase Project from Studio Workspace because WORKSPACE_SLUG environment variable is empty
[debug] [2026-03-04T03:12:59.714Z] > command requires scopes: ["email","openid","https://www.googleapis.com/auth/cloudplatformprojects.readonly","https://www.googleapis.com/auth/firebase","https://www.googleapis.com/auth/cloud-platform","https://www.googleapis.com/auth/userinfo.email"]
[debug] [2026-03-04T03:12:59.736Z] <<< [apiv2][status] POST https://developerknowledge.googleapis.com/mcp 200
[debug] [2026-03-04T03:12:59.737Z] <<< [apiv2][body] POST https://developerknowledge.googleapis.com/mcp {"id":1,"jsonrpc":"2.0","result":{"tools":[{"annotations":{"destructiveHint":false,"idempotentHint":true,"openWorldHint":false,"readOnlyHint":true},"description":"Use this tool to find documentation about Google developer products. The documents contain official APIs, code snippets, release notes, best practices, guides, debugging info, and more. It covers the following products and domains:\n\n* Android: developer.android.com\n* Apigee: docs.apigee.com\n* Chrome: developer.chrome.com\n* Firebase: firebase.google.com\n* Fuchsia: fuchsia.dev\n* Google AI: ai.google.dev\n* Google Cloud: docs.cloud.google.com\n* Google Developers, Ads, Search, Google Maps, Youtube: developers.google.com\n* Google Home: developers.home.google.com\n* TensorFlow: www.tensorflow.org\n* Web: web.dev\n\nThis tool returns chunks of text, names, and URLs for matching documents. If the returned chunks are not detailed enough to answer the user's question, use `get_documents` with the `parent` from this tool's output to retrieve the full document content.","inputSchema":{"description":"Request schema for search_documents. Use the query field to search for related Google developer documentation.","properties":{"query":{"description":"Required. The raw query string provided by the user, such as \"How to create a Cloud Storage bucket?\".","type":"string"}},"required":["query"],"type":"object"},"name":"search_documents","outputSchema":{"$defs":{"DocumentChunk":{"description":"A DocumentChunk represents a piece of content from a Document in the DeveloperKnowledge corpus. To fetch the entire document content, pass the `parent` to get_document or batch_get_documents.","properties":{"content":{"description":"Output only. The content of the document chunk.","readOnly":true,"type":"string"},"id":{"description":"Output only. The ID of this chunk within the document. The chunk ID is unique within a document, but not globally unique across documents. The chunk ID is not stable and may change over time.","readOnly":true,"type":"string"},"parent":{"description":"Output only. The resource name of the document this chunk is from. Format: `documents/{uri_without_scheme}` Example: `documents/docs.cloud.google.com/storage/docs/creating-buckets`","readOnly":true,"type":"string"}},"type":"object"}},"description":"Response schema for search_documents.","properties":{"results":{"description":"The search results for the given query. Each Document in this list contains a snippet of content relevant to the search query. Use the DocumentChunk.name field of each result with get_documents to retrieve the full document content.","items":{"$ref":"#/$defs/DocumentChunk"},"type":"array"}},"type":"object"}},{"annotations":{"destructiveHint":false,"idempotentHint":true,"openWorldHint":false,"readOnlyHint":true},"description":"Use this tool to retrieve the full content of a single document or up to 20 documents in a single call. The document names should be obtained from the `parent` field of results from a call to the `search_documents` tool. Set the `names` parameter to a list of document names.","inputSchema":{"description":"Request schema for get_documents.","properties":{"names":{"description":"Required. The names of the documents to retrieve, as returned by search_documents. A maximum of 20 documents can be retrieved in one call. The documents are returned in the same order as the `names` in the request. Format: `documents/{uri_without_scheme}` Example: `documents/docs.cloud.google.com/storage/docs/creating-buckets`","items":{"type":"string"},"type":"array"}},"required":["names"],"type":"object"},"name":"get_documents","outputSchema":{"$defs":{"Document":{"description":"A Document represents a piece of content from the Developer Knowledge corpus.","properties":{"content":{"description":"Output only. The content of the document in Markdown format.","readOnly":true,"type":"string"},"description":{"description":"Output only. A description of the document.","readOnly":true,"type":"string"},"name":{"description":"Identifier. The resource name of the document. Format: `documents/{uri_without_scheme}` Example: `documents/docs.cloud.google.com/storage/docs/creating-buckets`","type":"string","x-google-identifier":true},"uri":{"description":"Output only. The URI of the content, such as `https://cloud.google.com/storage/docs/creating-buckets`.","readOnly":true,"type":"string"}},"type":"object"}},"description":"Response schema for get_documents.","properties":{"documents":{"description":"Documents requested.","items":{"$ref":"#/$defs/Document"},"type":"array"}},"type":"object"}}]}}
[error] Failed to fetch Firebase Project from Studio Workspace because WORKSPACE_SLUG environment variable is empty
[debug] [2026-03-04T03:12:59.759Z] > command requires scopes: ["email","openid","https://www.googleapis.com/auth/cloudplatformprojects.readonly","https://www.googleapis.com/auth/firebase","https://www.googleapis.com/auth/cloud-platform","https://www.googleapis.com/auth/userinfo.email"]
[error] Failed to fetch Firebase Project from Studio Workspace because WORKSPACE_SLUG environment variable is empty
[error] Failed to fetch Firebase Project from Studio Workspace because WORKSPACE_SLUG environment variable is empty
[error] Failed to fetch Firebase Project from Studio Workspace because WORKSPACE_SLUG environment variable is empty
[error] Failed to fetch Firebase Project from Studio Workspace because WORKSPACE_SLUG environment variable is empty
[debug] [2026-03-04T04:48:45.184Z] > command requires scopes: ["email","openid","https://www.googleapis.com/auth/cloudplatformprojects.readonly","https://www.googleapis.com/auth/firebase","https://www.googleapis.com/auth/cloud-platform","https://www.googleapis.com/auth/userinfo.email"]
[debug] [2026-03-04T04:48:45.188Z] > command requires scopes: ["email","openid","https://www.googleapis.com/auth/cloudplatformprojects.readonly","https://www.googleapis.com/auth/firebase","https://www.googleapis.com/auth/cloud-platform","https://www.googleapis.com/auth/userinfo.email"]
[error] Failed to fetch Firebase Project from Studio Workspace because WORKSPACE_SLUG environment variable is empty
[error] Failed to fetch Firebase Project from Studio Workspace because WORKSPACE_SLUG environment variable is empty
[error] Failed to fetch Firebase Project from Studio Workspace because WORKSPACE_SLUG environment variable is empty
[debug] [2026-03-04T04:48:53.574Z] > command requires scopes: ["email","openid","https://www.googleapis.com/auth/cloudplatformprojects.readonly","https://www.googleapis.com/auth/firebase","https://www.googleapis.com/auth/cloud-platform","https://www.googleapis.com/auth/userinfo.email"]
[debug] [2026-03-04T04:48:56.046Z] >>> [apiv2][query] POST https://developerknowledge.googleapis.com/mcp [none]
[debug] [2026-03-04T04:48:56.047Z] >>> [apiv2][body] POST https://developerknowledge.googleapis.com/mcp {"method":"tools/list","jsonrpc":"2.0","id":1}
[debug] [2026-03-04T04:48:56.410Z] <<< [apiv2][status] POST https://developerknowledge.googleapis.com/mcp 200
[debug] [2026-03-04T04:48:56.411Z] <<< [apiv2][body] POST https://developerknowledge.googleapis.com/mcp {"id":1,"jsonrpc":"2.0","result":{"tools":[{"annotations":{"destructiveHint":false,"idempotentHint":true,"openWorldHint":false,"readOnlyHint":true},"description":"Use this tool to find documentation about Google developer products. The documents contain official APIs, code snippets, release notes, best practices, guides, debugging info, and more. It covers the following products and domains:\n\n* Android: developer.android.com\n* Apigee: docs.apigee.com\n* Chrome: developer.chrome.com\n* Firebase: firebase.google.com\n* Fuchsia: fuchsia.dev\n* Google AI: ai.google.dev\n* Google Cloud: docs.cloud.google.com\n* Google Developers, Ads, Search, Google Maps, Youtube: developers.google.com\n* Google Home: developers.home.google.com\n* TensorFlow: www.tensorflow.org\n* Web: web.dev\n\nThis tool returns chunks of text, names, and URLs for matching documents. If the returned chunks are not detailed enough to answer the user's question, use `get_documents` with the `parent` from this tool's output to retrieve the full document content.","inputSchema":{"description":"Request schema for search_documents. Use the query field to search for related Google developer documentation.","properties":{"query":{"description":"Required. The raw query string provided by the user, such as \"How to create a Cloud Storage bucket?\".","type":"string"}},"required":["query"],"type":"object"},"name":"search_documents","outputSchema":{"$defs":{"DocumentChunk":{"description":"A DocumentChunk represents a piece of content from a Document in the DeveloperKnowledge corpus. To fetch the entire document content, pass the `parent` to get_document or batch_get_documents.","properties":{"content":{"description":"Output only. The content of the document chunk.","readOnly":true,"type":"string"},"id":{"description":"Output only. The ID of this chunk within the document. The chunk ID is unique within a document, but not globally unique across documents. The chunk ID is not stable and may change over time.","readOnly":true,"type":"string"},"parent":{"description":"Output only. The resource name of the document this chunk is from. Format: `documents/{uri_without_scheme}` Example: `documents/docs.cloud.google.com/storage/docs/creating-buckets`","readOnly":true,"type":"string"}},"type":"object"}},"description":"Response schema for search_documents.","properties":{"results":{"description":"The search results for the given query. Each Document in this list contains a snippet of content relevant to the search query. Use the DocumentChunk.name field of each result with get_documents to retrieve the full document content.","items":{"$ref":"#/$defs/DocumentChunk"},"type":"array"}},"type":"object"}},{"annotations":{"destructiveHint":false,"idempotentHint":true,"openWorldHint":false,"readOnlyHint":true},"description":"Use this tool to retrieve the full content of a single document or up to 20 documents in a single call. The document names should be obtained from the `parent` field of results from a call to the `search_documents` tool. Set the `names` parameter to a list of document names.","inputSchema":{"description":"Request schema for get_documents.","properties":{"names":{"description":"Required. The names of the documents to retrieve, as returned by search_documents. A maximum of 20 documents can be retrieved in one call. The documents are returned in the same order as the `names` in the request. Format: `documents/{uri_without_scheme}` Example: `documents/docs.cloud.google.com/storage/docs/creating-buckets`","items":{"type":"string"},"type":"array"}},"required":["names"],"type":"object"},"name":"get_documents","outputSchema":{"$defs":{"Document":{"description":"A Document represents a piece of content from the Developer Knowledge corpus.","properties":{"content":{"description":"Output only. The content of the document in Markdown format.","readOnly":true,"type":"string"},"description":{"description":"Output only. A description of the document.","readOnly":true,"type":"string"},"name":{"description":"Identifier. The resource name of the document. Format: `documents/{uri_without_scheme}` Example: `documents/docs.cloud.google.com/storage/docs/creating-buckets`","type":"string","x-google-identifier":true},"uri":{"description":"Output only. The URI of the content, such as `https://cloud.google.com/storage/docs/creating-buckets`.","readOnly":true,"type":"string"}},"type":"object"}},"description":"Response schema for get_documents.","properties":{"documents":{"description":"Documents requested.","items":{"$ref":"#/$defs/Document"},"type":"array"}},"type":"object"}}]}}
[error] Failed to fetch Firebase Project from Studio Workspace because WORKSPACE_SLUG environment variable is empty
[debug] [2026-03-04T04:48:56.439Z] > command requires scopes: ["email","openid","https://www.googleapis.com/auth/cloudplatformprojects.readonly","https://www.googleapis.com/auth/firebase","https://www.googleapis.com/auth/cloud-platform","https://www.googleapis.com/auth/userinfo.email"]
[error] Failed to fetch Firebase Project from Studio Workspace because WORKSPACE_SLUG environment variable is empty
[error] Failed to fetch Firebase Project from Studio Workspace because WORKSPACE_SLUG environment variable is empty
[error] Failed to fetch Firebase Project from Studio Workspace because WORKSPACE_SLUG environment variable is empty
[debug] [2026-03-04T04:48:56.556Z] > command requires scopes: ["email","openid","https://www.googleapis.com/auth/cloudplatformprojects.readonly","https://www.googleapis.com/auth/firebase","https://www.googleapis.com/auth/cloud-platform","https://www.googleapis.com/auth/userinfo.email"]
[error] Failed to fetch Firebase Project from Studio Workspace because WORKSPACE_SLUG environment variable is empty
[error] Failed to fetch Firebase Project from Studio Workspace because WORKSPACE_SLUG environment variable is empty
[error] Failed to fetch Firebase Project from Studio Workspace because WORKSPACE_SLUG environment variable is empty
[debug] [2026-03-04T04:48:56.573Z] > command requires scopes: ["email","openid","https://www.googleapis.com/auth/cloudplatformprojects.readonly","https://www.googleapis.com/auth/firebase","https://www.googleapis.com/auth/cloud-platform","https://www.googleapis.com/auth/userinfo.email"]
[debug] [2026-03-04T04:48:59.093Z] >>> [apiv2][query] POST https://developerknowledge.googleapis.com/mcp [none]
[debug] [2026-03-04T04:48:59.094Z] >>> [apiv2][body] POST https://developerknowledge.googleapis.com/mcp {"method":"tools/list","jsonrpc":"2.0","id":1}
[error] Failed to fetch Firebase Project from Studio Workspace because WORKSPACE_SLUG environment variable is empty
[debug] [2026-03-04T04:48:59.098Z] > command requires scopes: ["email","openid","https://www.googleapis.com/auth/cloudplatformprojects.readonly","https://www.googleapis.com/auth/firebase","https://www.googleapis.com/auth/cloud-platform","https://www.googleapis.com/auth/userinfo.email"]
[debug] [2026-03-04T04:48:59.147Z] <<< [apiv2][status] POST https://developerknowledge.googleapis.com/mcp 200
[debug] [2026-03-04T04:48:59.150Z] <<< [apiv2][body] POST https://developerknowledge.googleapis.com/mcp {"id":1,"jsonrpc":"2.0","result":{"tools":[{"annotations":{"destructiveHint":false,"idempotentHint":true,"openWorldHint":false,"readOnlyHint":true},"description":"Use this tool to find documentation about Google developer products. The documents contain official APIs, code snippets, release notes, best practices, guides, debugging info, and more. It covers the following products and domains:\n\n* Android: developer.android.com\n* Apigee: docs.apigee.com\n* Chrome: developer.chrome.com\n* Firebase: firebase.google.com\n* Fuchsia: fuchsia.dev\n* Google AI: ai.google.dev\n* Google Cloud: docs.cloud.google.com\n* Google Developers, Ads, Search, Google Maps, Youtube: developers.google.com\n* Google Home: developers.home.google.com\n* TensorFlow: www.tensorflow.org\n* Web: web.dev\n\nThis tool returns chunks of text, names, and URLs for matching documents. If the returned chunks are not detailed enough to answer the user's question, use `get_documents` with the `parent` from this tool's output to retrieve the full document content.","inputSchema":{"description":"Request schema for search_documents. Use the query field to search for related Google developer documentation.","properties":{"query":{"description":"Required. The raw query string provided by the user, such as \"How to create a Cloud Storage bucket?\".","type":"string"}},"required":["query"],"type":"object"},"name":"search_documents","outputSchema":{"$defs":{"DocumentChunk":{"description":"A DocumentChunk represents a piece of content from a Document in the DeveloperKnowledge corpus. To fetch the entire document content, pass the `parent` to get_document or batch_get_documents.","properties":{"content":{"description":"Output only. The content of the document chunk.","readOnly":true,"type":"string"},"id":{"description":"Output only. The ID of this chunk within the document. The chunk ID is unique within a document, but not globally unique across documents. The chunk ID is not stable and may change over time.","readOnly":true,"type":"string"},"parent":{"description":"Output only. The resource name of the document this chunk is from. Format: `documents/{uri_without_scheme}` Example: `documents/docs.cloud.google.com/storage/docs/creating-buckets`","readOnly":true,"type":"string"}},"type":"object"}},"description":"Response schema for search_documents.","properties":{"results":{"description":"The search results for the given query. Each Document in this list contains a snippet of content relevant to the search query. Use the DocumentChunk.name field of each result with get_documents to retrieve the full document content.","items":{"$ref":"#/$defs/DocumentChunk"},"type":"array"}},"type":"object"}},{"annotations":{"destructiveHint":false,"idempotentHint":true,"openWorldHint":false,"readOnlyHint":true},"description":"Use this tool to retrieve the full content of a single document or up to 20 documents in a single call. The document names should be obtained from the `parent` field of results from a call to the `search_documents` tool. Set the `names` parameter to a list of document names.","inputSchema":{"description":"Request schema for get_documents.","properties":{"names":{"description":"Required. The names of the documents to retrieve, as returned by search_documents. A maximum of 20 documents can be retrieved in one call. The documents are returned in the same order as the `names` in the request. Format: `documents/{uri_without_scheme}` Example: `documents/docs.cloud.google.com/storage/docs/creating-buckets`","items":{"type":"string"},"type":"array"}},"required":["names"],"type":"object"},"name":"get_documents","outputSchema":{"$defs":{"Document":{"description":"A Document represents a piece of content from the Developer Knowledge corpus.","properties":{"content":{"description":"Output only. The content of the document in Markdown format.","readOnly":true,"type":"string"},"description":{"description":"Output only. A description of the document.","readOnly":true,"type":"string"},"name":{"description":"Identifier. The resource name of the document. Format: `documents/{uri_without_scheme}` Example: `documents/docs.cloud.google.com/storage/docs/creating-buckets`","type":"string","x-google-identifier":true},"uri":{"description":"Output only. The URI of the content, such as `https://cloud.google.com/storage/docs/creating-buckets`.","readOnly":true,"type":"string"}},"type":"object"}},"description":"Response schema for get_documents.","properties":{"documents":{"description":"Documents requested.","items":{"$ref":"#/$defs/Document"},"type":"array"}},"type":"object"}}]}}
[error] Failed to fetch Firebase Project from Studio Workspace because WORKSPACE_SLUG environment variable is empty
[debug] [2026-03-04T04:48:59.156Z] > command requires scopes: ["email","openid","https://www.googleapis.com/auth/cloudplatformprojects.readonly","https://www.googleapis.com/auth/firebase","https://www.googleapis.com/auth/cloud-platform","https://www.googleapis.com/auth/userinfo.email"]
[error] Failed to fetch Firebase Project from Studio Workspace because WORKSPACE_SLUG environment variable is empty
[error] Failed to fetch Firebase Project from Studio Workspace because WORKSPACE_SLUG environment variable is empty
[error] Failed to fetch Firebase Project from Studio Workspace because WORKSPACE_SLUG environment variable is empty
[error] Failed to fetch Firebase Project from Studio Workspace because WORKSPACE_SLUG environment variable is empty
[debug] [2026-03-10T14:13:47.889Z] > command requires scopes: ["email","openid","https://www.googleapis.com/auth/cloudplatformprojects.readonly","https://www.googleapis.com/auth/firebase","https://www.googleapis.com/auth/cloud-platform","https://www.googleapis.com/auth/userinfo.email"]
[debug] [2026-03-10T14:13:47.892Z] > command requires scopes: ["email","openid","https://www.googleapis.com/auth/cloudplatformprojects.readonly","https://www.googleapis.com/auth/firebase","https://www.googleapis.com/auth/cloud-platform","https://www.googleapis.com/auth/userinfo.email"]
[error] Failed to fetch Firebase Project from Studio Workspace because WORKSPACE_SLUG environment variable is empty
[error] Failed to fetch Firebase Project from Studio Workspace because WORKSPACE_SLUG environment variable is empty
[error] Failed to fetch Firebase Project from Studio Workspace because WORKSPACE_SLUG environment variable is empty
[debug] [2026-03-10T14:13:55.399Z] > command requires scopes: ["email","openid","https://www.googleapis.com/auth/cloudplatformprojects.readonly","https://www.googleapis.com/auth/firebase","https://www.googleapis.com/auth/cloud-platform","https://www.googleapis.com/auth/userinfo.email"]
[debug] [2026-03-10T14:13:57.879Z] >>> [apiv2][query] POST https://developerknowledge.googleapis.com/mcp [none]
[debug] [2026-03-10T14:13:57.880Z] >>> [apiv2][body] POST https://developerknowledge.googleapis.com/mcp {"method":"tools/list","jsonrpc":"2.0","id":1}
[debug] [2026-03-10T14:13:58.292Z] <<< [apiv2][status] POST https://developerknowledge.googleapis.com/mcp 200
[debug] [2026-03-10T14:13:58.299Z] <<< [apiv2][body] POST https://developerknowledge.googleapis.com/mcp {"id":1,"jsonrpc":"2.0","result":{"tools":[{"annotations":{"destructiveHint":false,"idempotentHint":true,"openWorldHint":false,"readOnlyHint":true},"description":"Use this tool to find documentation about Google developer products.\nThe documents contain official APIs, code snippets, release notes, best\npractices, guides, debugging info, and more. It covers the following\nproducts and domains:\n\n* Android: developer.android.com\n* Apigee: docs.apigee.com\n* Chrome: developer.chrome.com\n* Firebase: firebase.google.com\n* Fuchsia: fuchsia.dev\n* Google AI: ai.google.dev\n* Google Cloud: docs.cloud.google.com\n* Google Developers, Ads, Search, Google Maps, Youtube: developers.google.com\n* Google Home: developers.home.google.com\n* TensorFlow: www.tensorflow.org\n* Web: web.dev\n\nThis tool returns chunks of text, names, and URLs for matching documents.\nIf the returned chunks are not detailed enough to answer the\nuser's question, use `get_document` or `batch_get_documents` with the\n`parent` from this tool's output to retrieve the full document\ncontent.","inputSchema":{"description":"Request schema for search_documents. Use the query field to search for related Google developer documentation.","properties":{"query":{"description":"Required. The raw query string provided by the user, such as \"How to create a Cloud Storage bucket?\".","type":"string"}},"required":["query"],"type":"object"},"name":"search_documents","outputSchema":{"$defs":{"DocumentChunk":{"description":"A DocumentChunk represents a piece of content from a Document in the DeveloperKnowledge corpus. To fetch the entire document content, pass the `parent` to get_document or batch_get_documents.","properties":{"content":{"description":"Output only. The content of the document chunk.","readOnly":true,"type":"string"},"id":{"description":"Output only. The ID of this chunk within the document. The chunk ID is unique within a document, but not globally unique across documents. The chunk ID is not stable and may change over time.","readOnly":true,"type":"string"},"parent":{"description":"Output only. The resource name of the document this chunk is from. Format: `documents/{uri_without_scheme}` Example: `documents/docs.cloud.google.com/storage/docs/creating-buckets`","readOnly":true,"type":"string"}},"type":"object"}},"description":"Response schema for search_documents.","properties":{"results":{"description":"The search results for the given query. Each Document in this list contains a snippet of content relevant to the search query. Use the Document.name field of each result with get_document or batch_get_documents to retrieve the full document content.","items":{"$ref":"#/$defs/DocumentChunk"},"type":"array"}},"type":"object"}},{"annotations":{"destructiveHint":false,"idempotentHint":true,"openWorldHint":false,"readOnlyHint":true},"description":"Use this tool to retrieve the full content of a single document. The\ndocument name should be obtained from the `parent` field of results from a\ncall to the `search_documents` tool. If you need to retrieve multiple\ndocuments, use `batch_get_documents` instead.","inputSchema":{"description":"Request schema for get_document.","properties":{"name":{"description":"Required. The name of the document to retrieve. Format: `documents/{uri_without_scheme}` Example: `documents/docs.cloud.google.com/storage/docs/creating-buckets`","type":"string"}},"required":["name"],"type":"object"},"name":"get_document","outputSchema":{"description":"A Document represents a piece of content from the Developer Knowledge corpus.","properties":{"content":{"description":"Output only. The content of the document in Markdown format. If this document is returned by search_documents, this field contains a snippet of text relevant to the search query. If this document is returned by get_document or batch_get_documents, this field contains the full document content.","readOnly":true,"type":"string"},"description":{"description":"Output only. A description of the document.","readOnly":true,"type":"string"},"name":{"description":"Identifier. The resource name of the document. Format: `documents/{uri_without_scheme}` Example: `documents/docs.cloud.google.com/storage/docs/creating-buckets`","type":"string","x-google-identifier":true},"uri":{"description":"Output only. The URI of the content, such as `https://cloud.google.com/storage/docs/creating-buckets`.","readOnly":true,"type":"string"}},"type":"object"}},{"annotations":{"destructiveHint":false,"idempotentHint":true,"openWorldHint":false,"readOnlyHint":true},"description":"Use this tool to retrieve the full content of up to 20 documents in a\nsingle call. The document names should be obtained from the `parent` field\nof results from a call to the `search_documents` tool. Use this tool\ninstead of calling `get_document` multiple times to fetch multiple\ndocuments.","inputSchema":{"description":"Request schema for batch_get_documents.","properties":{"names":{"description":"Required. The names of the documents to retrieve, as returned by search_documents. A maximum of 20 documents can be retrieved in a batch. The documents are returned in the same order as the `names` in the request. Format: `documents/{uri_without_scheme}` Example: `documents/docs.cloud.google.com/storage/docs/creating-buckets`","items":{"type":"string"},"type":"array"}},"required":["names"],"type":"object"},"name":"batch_get_documents","outputSchema":{"$defs":{"Document":{"description":"A Document represents a piece of content from the Developer Knowledge corpus.","properties":{"content":{"description":"Output only. The content of the document in Markdown format. If this document is returned by search_documents, this field contains a snippet of text relevant to the search query. If this document is returned by get_document or batch_get_documents, this field contains the full document content.","readOnly":true,"type":"string"},"description":{"description":"Output only. A description of the document.","readOnly":true,"type":"string"},"name":{"description":"Identifier. The resource name of the document. Format: `documents/{uri_without_scheme}` Example: `documents/docs.cloud.google.com/storage/docs/creating-buckets`","type":"string","x-google-identifier":true},"uri":{"description":"Output only. The URI of the content, such as `https://cloud.google.com/storage/docs/creating-buckets`.","readOnly":true,"type":"string"}},"type":"object"}},"description":"Response schema for batch_get_documents.","properties":{"documents":{"description":"Documents requested.","items":{"$ref":"#/$defs/Document"},"type":"array"}},"type":"object"}}]}}
[error] Failed to fetch Firebase Project from Studio Workspace because WORKSPACE_SLUG environment variable is empty
[debug] [2026-03-10T14:13:58.324Z] > command requires scopes: ["email","openid","https://www.googleapis.com/auth/cloudplatformprojects.readonly","https://www.googleapis.com/auth/firebase","https://www.googleapis.com/auth/cloud-platform","https://www.googleapis.com/auth/userinfo.email"]
[error] Failed to fetch Firebase Project from Studio Workspace because WORKSPACE_SLUG environment variable is empty
[error] Failed to fetch Firebase Project from Studio Workspace because WORKSPACE_SLUG environment variable is empty
[error] Failed to fetch Firebase Project from Studio Workspace because WORKSPACE_SLUG environment variable is empty
[debug] [2026-03-10T14:13:58.443Z] > command requires scopes: ["email","openid","https://www.googleapis.com/auth/cloudplatformprojects.readonly","https://www.googleapis.com/auth/firebase","https://www.googleapis.com/auth/cloud-platform","https://www.googleapis.com/auth/userinfo.email"]
[error] Failed to fetch Firebase Project from Studio Workspace because WORKSPACE_SLUG environment variable is empty
[error] Failed to fetch Firebase Project from Studio Workspace because WORKSPACE_SLUG environment variable is empty
[error] Failed to fetch Firebase Project from Studio Workspace because WORKSPACE_SLUG environment variable is empty
[debug] [2026-03-10T14:13:58.470Z] > command requires scopes: ["email","openid","https://www.googleapis.com/auth/cloudplatformprojects.readonly","https://www.googleapis.com/auth/firebase","https://www.googleapis.com/auth/cloud-platform","https://www.googleapis.com/auth/userinfo.email"]
[debug] [2026-03-10T14:14:01.075Z] >>> [apiv2][query] POST https://developerknowledge.googleapis.com/mcp [none]
[debug] [2026-03-10T14:14:01.075Z] >>> [apiv2][body] POST https://developerknowledge.googleapis.com/mcp {"method":"tools/list","jsonrpc":"2.0","id":1}
[error] Failed to fetch Firebase Project from Studio Workspace because WORKSPACE_SLUG environment variable is empty
[debug] [2026-03-10T14:14:01.084Z] > command requires scopes: ["email","openid","https://www.googleapis.com/auth/cloudplatformprojects.readonly","https://www.googleapis.com/auth/firebase","https://www.googleapis.com/auth/cloud-platform","https://www.googleapis.com/auth/userinfo.email"]
[debug] [2026-03-10T14:14:01.141Z] <<< [apiv2][status] POST https://developerknowledge.googleapis.com/mcp 200
[debug] [2026-03-10T14:14:01.141Z] <<< [apiv2][body] POST https://developerknowledge.googleapis.com/mcp {"id":1,"jsonrpc":"2.0","result":{"tools":[{"annotations":{"destructiveHint":false,"idempotentHint":true,"openWorldHint":false,"readOnlyHint":true},"description":"Use this tool to find documentation about Google developer products.\nThe documents contain official APIs, code snippets, release notes, best\npractices, guides, debugging info, and more. It covers the following\nproducts and domains:\n\n* Android: developer.android.com\n* Apigee: docs.apigee.com\n* Chrome: developer.chrome.com\n* Firebase: firebase.google.com\n* Fuchsia: fuchsia.dev\n* Google AI: ai.google.dev\n* Google Cloud: docs.cloud.google.com\n* Google Developers, Ads, Search, Google Maps, Youtube: developers.google.com\n* Google Home: developers.home.google.com\n* TensorFlow: www.tensorflow.org\n* Web: web.dev\n\nThis tool returns chunks of text, names, and URLs for matching documents.\nIf the returned chunks are not detailed enough to answer the\nuser's question, use `get_document` or `batch_get_documents` with the\n`parent` from this tool's output to retrieve the full document\ncontent.","inputSchema":{"description":"Request schema for search_documents. Use the query field to search for related Google developer documentation.","properties":{"query":{"description":"Required. The raw query string provided by the user, such as \"How to create a Cloud Storage bucket?\".","type":"string"}},"required":["query"],"type":"object"},"name":"search_documents","outputSchema":{"$defs":{"DocumentChunk":{"description":"A DocumentChunk represents a piece of content from a Document in the DeveloperKnowledge corpus. To fetch the entire document content, pass the `parent` to get_document or batch_get_documents.","properties":{"content":{"description":"Output only. The content of the document chunk.","readOnly":true,"type":"string"},"id":{"description":"Output only. The ID of this chunk within the document. The chunk ID is unique within a document, but not globally unique across documents. The chunk ID is not stable and may change over time.","readOnly":true,"type":"string"},"parent":{"description":"Output only. The resource name of the document this chunk is from. Format: `documents/{uri_without_scheme}` Example: `documents/docs.cloud.google.com/storage/docs/creating-buckets`","readOnly":true,"type":"string"}},"type":"object"}},"description":"Response schema for search_documents.","properties":{"results":{"description":"The search results for the given query. Each Document in this list contains a snippet of content relevant to the search query. Use the Document.name field of each result with get_document or batch_get_documents to retrieve the full document content.","items":{"$ref":"#/$defs/DocumentChunk"},"type":"array"}},"type":"object"}},{"annotations":{"destructiveHint":false,"idempotentHint":true,"openWorldHint":false,"readOnlyHint":true},"description":"Use this tool to retrieve the full content of a single document. The\ndocument name should be obtained from the `parent` field of results from a\ncall to the `search_documents` tool. If you need to retrieve multiple\ndocuments, use `batch_get_documents` instead.","inputSchema":{"description":"Request schema for get_document.","properties":{"name":{"description":"Required. The name of the document to retrieve. Format: `documents/{uri_without_scheme}` Example: `documents/docs.cloud.google.com/storage/docs/creating-buckets`","type":"string"}},"required":["name"],"type":"object"},"name":"get_document","outputSchema":{"description":"A Document represents a piece of content from the Developer Knowledge corpus.","properties":{"content":{"description":"Output only. The content of the document in Markdown format. If this document is returned by search_documents, this field contains a snippet of text relevant to the search query. If this document is returned by get_document or batch_get_documents, this field contains the full document content.","readOnly":true,"type":"string"},"description":{"description":"Output only. A description of the document.","readOnly":true,"type":"string"},"name":{"description":"Identifier. The resource name of the document. Format: `documents/{uri_without_scheme}` Example: `documents/docs.cloud.google.com/storage/docs/creating-buckets`","type":"string","x-google-identifier":true},"uri":{"description":"Output only. The URI of the content, such as `https://cloud.google.com/storage/docs/creating-buckets`.","readOnly":true,"type":"string"}},"type":"object"}},{"annotations":{"destructiveHint":false,"idempotentHint":true,"openWorldHint":false,"readOnlyHint":true},"description":"Use this tool to retrieve the full content of up to 20 documents in a\nsingle call. The document names should be obtained from the `parent` field\nof results from a call to the `search_documents` tool. Use this tool\ninstead of calling `get_document` multiple times to fetch multiple\ndocuments.","inputSchema":{"description":"Request schema for batch_get_documents.","properties":{"names":{"description":"Required. The names of the documents to retrieve, as returned by search_documents. A maximum of 20 documents can be retrieved in a batch. The documents are returned in the same order as the `names` in the request. Format: `documents/{uri_without_scheme}` Example: `documents/docs.cloud.google.com/storage/docs/creating-buckets`","items":{"type":"string"},"type":"array"}},"required":["names"],"type":"object"},"name":"batch_get_documents","outputSchema":{"$defs":{"Document":{"description":"A Document represents a piece of content from the Developer Knowledge corpus.","properties":{"content":{"description":"Output only. The content of the document in Markdown format. If this document is returned by search_documents, this field contains a snippet of text relevant to the search query. If this document is returned by get_document or batch_get_documents, this field contains the full document content.","readOnly":true,"type":"string"},"description":{"description":"Output only. A description of the document.","readOnly":true,"type":"string"},"name":{"description":"Identifier. The resource name of the document. Format: `documents/{uri_without_scheme}` Example: `documents/docs.cloud.google.com/storage/docs/creating-buckets`","type":"string","x-google-identifier":true},"uri":{"description":"Output only. The URI of the content, such as `https://cloud.google.com/storage/docs/creating-buckets`.","readOnly":true,"type":"string"}},"type":"object"}},"description":"Response schema for batch_get_documents.","properties":{"documents":{"description":"Documents requested.","items":{"$ref":"#/$defs/Document"},"type":"array"}},"type":"object"}}]}}
[error] Failed to fetch Firebase Project from Studio Workspace because WORKSPACE_SLUG environment variable is empty
[debug] [2026-03-10T14:14:01.152Z] > command requires scopes: ["email","openid","https://www.googleapis.com/auth/cloudplatformprojects.readonly","https://www.googleapis.com/auth/firebase","https://www.googleapis.com/auth/cloud-platform","https://www.googleapis.com/auth/userinfo.email"]
[error] Failed to fetch Firebase Project from Studio Workspace because WORKSPACE_SLUG environment variable is empty
[error] Failed to fetch Firebase Project from Studio Workspace because WORKSPACE_SLUG environment variable is empty
[error] Failed to fetch Firebase Project from Studio Workspace because WORKSPACE_SLUG environment variable is empty
[error] Failed to fetch Firebase Project from Studio Workspace because WORKSPACE_SLUG environment variable is empty
[debug] [2026-03-11T01:47:13.141Z] > command requires scopes: ["email","openid","https://www.googleapis.com/auth/cloudplatformprojects.readonly","https://www.googleapis.com/auth/firebase","https://www.googleapis.com/auth/cloud-platform","https://www.googleapis.com/auth/userinfo.email"]
[debug] [2026-03-11T01:47:13.148Z] > command requires scopes: ["email","openid","https://www.googleapis.com/auth/cloudplatformprojects.readonly","https://www.googleapis.com/auth/firebase","https://www.googleapis.com/auth/cloud-platform","https://www.googleapis.com/auth/userinfo.email"]
[error] Failed to fetch Firebase Project from Studio Workspace because WORKSPACE_SLUG environment variable is empty
[error] Failed to fetch Firebase Project from Studio Workspace because WORKSPACE_SLUG environment variable is empty
[error] Failed to fetch Firebase Project from Studio Workspace because WORKSPACE_SLUG environment variable is empty
[debug] [2026-03-11T01:47:20.656Z] > command requires scopes: ["email","openid","https://www.googleapis.com/auth/cloudplatformprojects.readonly","https://www.googleapis.com/auth/firebase","https://www.googleapis.com/auth/cloud-platform","https://www.googleapis.com/auth/userinfo.email"]
[debug] [2026-03-11T01:47:23.067Z] >>> [apiv2][query] POST https://developerknowledge.googleapis.com/mcp [none]
[debug] [2026-03-11T01:47:23.067Z] >>> [apiv2][body] POST https://developerknowledge.googleapis.com/mcp {"method":"tools/list","jsonrpc":"2.0","id":1}
[debug] [2026-03-11T01:47:23.413Z] <<< [apiv2][status] POST https://developerknowledge.googleapis.com/mcp 200
[debug] [2026-03-11T01:47:23.418Z] <<< [apiv2][body] POST https://developerknowledge.googleapis.com/mcp {"id":1,"jsonrpc":"2.0","result":{"tools":[{"annotations":{"destructiveHint":false,"idempotentHint":true,"openWorldHint":false,"readOnlyHint":true},"description":"Use this tool to find documentation about Google developer products.\nThe documents contain official APIs, code snippets, release notes, best\npractices, guides, debugging info, and more. It covers the following\nproducts and domains:\n\n* Android: developer.android.com\n* Apigee: docs.apigee.com\n* Chrome: developer.chrome.com\n* Firebase: firebase.google.com\n* Fuchsia: fuchsia.dev\n* Google AI: ai.google.dev\n* Google Cloud: docs.cloud.google.com\n* Google Developers, Ads, Search, Google Maps, Youtube: developers.google.com\n* Google Home: developers.home.google.com\n* TensorFlow: www.tensorflow.org\n* Web: web.dev\n\nThis tool returns chunks of text, names, and URLs for matching documents.\nIf the returned chunks are not detailed enough to answer the\nuser's question, use `get_document` or `batch_get_documents` with the\n`parent` from this tool's output to retrieve the full document\ncontent.","inputSchema":{"description":"Request schema for search_documents. Use the query field to search for related Google developer documentation.","properties":{"query":{"description":"Required. The raw query string provided by the user, such as \"How to create a Cloud Storage bucket?\".","type":"string"}},"required":["query"],"type":"object"},"name":"search_documents","outputSchema":{"$defs":{"DocumentChunk":{"description":"A DocumentChunk represents a piece of content from a Document in the DeveloperKnowledge corpus. To fetch the entire document content, pass the `parent` to get_document or batch_get_documents.","properties":{"content":{"description":"Output only. The content of the document chunk.","readOnly":true,"type":"string"},"id":{"description":"Output only. The ID of this chunk within the document. The chunk ID is unique within a document, but not globally unique across documents. The chunk ID is not stable and may change over time.","readOnly":true,"type":"string"},"parent":{"description":"Output only. The resource name of the document this chunk is from. Format: `documents/{uri_without_scheme}` Example: `documents/docs.cloud.google.com/storage/docs/creating-buckets`","readOnly":true,"type":"string"}},"type":"object"}},"description":"Response schema for search_documents.","properties":{"results":{"description":"The search results for the given query. Each Document in this list contains a snippet of content relevant to the search query. Use the Document.name field of each result with get_document or batch_get_documents to retrieve the full document content.","items":{"$ref":"#/$defs/DocumentChunk"},"type":"array"}},"type":"object"}},{"annotations":{"destructiveHint":false,"idempotentHint":true,"openWorldHint":false,"readOnlyHint":true},"description":"Use this tool to retrieve the full content of a single document. The\ndocument name should be obtained from the `parent` field of results from a\ncall to the `search_documents` tool. If you need to retrieve multiple\ndocuments, use `batch_get_documents` instead.","inputSchema":{"description":"Request schema for get_document.","properties":{"name":{"description":"Required. The name of the document to retrieve. Format: `documents/{uri_without_scheme}` Example: `documents/docs.cloud.google.com/storage/docs/creating-buckets`","type":"string"}},"required":["name"],"type":"object"},"name":"get_document","outputSchema":{"description":"A Document represents a piece of content from the Developer Knowledge corpus.","properties":{"content":{"description":"Output only. The content of the document in Markdown format. If this document is returned by search_documents, this field contains a snippet of text relevant to the search query. If this document is returned by get_document or batch_get_documents, this field contains the full document content.","readOnly":true,"type":"string"},"description":{"description":"Output only. A description of the document.","readOnly":true,"type":"string"},"name":{"description":"Identifier. The resource name of the document. Format: `documents/{uri_without_scheme}` Example: `documents/docs.cloud.google.com/storage/docs/creating-buckets`","type":"string","x-google-identifier":true},"uri":{"description":"Output only. The URI of the content, such as `https://cloud.google.com/storage/docs/creating-buckets`.","readOnly":true,"type":"string"}},"type":"object"}},{"annotations":{"destructiveHint":false,"idempotentHint":true,"openWorldHint":false,"readOnlyHint":true},"description":"Use this tool to retrieve the full content of up to 20 documents in a\nsingle call. The document names should be obtained from the `parent` field\nof results from a call to the `search_documents` tool. Use this tool\ninstead of calling `get_document` multiple times to fetch multiple\ndocuments.","inputSchema":{"description":"Request schema for batch_get_documents.","properties":{"names":{"description":"Required. The names of the documents to retrieve, as returned by search_documents. A maximum of 20 documents can be retrieved in a batch. The documents are returned in the same order as the `names` in the request. Format: `documents/{uri_without_scheme}` Example: `documents/docs.cloud.google.com/storage/docs/creating-buckets`","items":{"type":"string"},"type":"array"}},"required":["names"],"type":"object"},"name":"batch_get_documents","outputSchema":{"$defs":{"Document":{"description":"A Document represents a piece of content from the Developer Knowledge corpus.","properties":{"content":{"description":"Output only. The content of the document in Markdown format. If this document is returned by search_documents, this field contains a snippet of text relevant to the search query. If this document is returned by get_document or batch_get_documents, this field contains the full document content.","readOnly":true,"type":"string"},"description":{"description":"Output only. A description of the document.","readOnly":true,"type":"string"},"name":{"description":"Identifier. The resource name of the document. Format: `documents/{uri_without_scheme}` Example: `documents/docs.cloud.google.com/storage/docs/creating-buckets`","type":"string","x-google-identifier":true},"uri":{"description":"Output only. The URI of the content, such as `https://cloud.google.com/storage/docs/creating-buckets`.","readOnly":true,"type":"string"}},"type":"object"}},"description":"Response schema for batch_get_documents.","properties":{"documents":{"description":"Documents requested.","items":{"$ref":"#/$defs/Document"},"type":"array"}},"type":"object"}}]}}
[error] Failed to fetch Firebase Project from Studio Workspace because WORKSPACE_SLUG environment variable is empty
[debug] [2026-03-11T01:47:23.428Z] > command requires scopes: ["email","openid","https://www.googleapis.com/auth/cloudplatformprojects.readonly","https://www.googleapis.com/auth/firebase","https://www.googleapis.com/auth/cloud-platform","https://www.googleapis.com/auth/userinfo.email"]
[error] Failed to fetch Firebase Project from Studio Workspace because WORKSPACE_SLUG environment variable is empty
[error] Failed to fetch Firebase Project from Studio Workspace because WORKSPACE_SLUG environment variable is empty
[error] Failed to fetch Firebase Project from Studio Workspace because WORKSPACE_SLUG environment variable is empty
[debug] [2026-03-11T01:47:23.499Z] > command requires scopes: ["email","openid","https://www.googleapis.com/auth/cloudplatformprojects.readonly","https://www.googleapis.com/auth/firebase","https://www.googleapis.com/auth/cloud-platform","https://www.googleapis.com/auth/userinfo.email"]
[error] Failed to fetch Firebase Project from Studio Workspace because WORKSPACE_SLUG environment variable is empty
[error] Failed to fetch Firebase Project from Studio Workspace because WORKSPACE_SLUG environment variable is empty
[error] Failed to fetch Firebase Project from Studio Workspace because WORKSPACE_SLUG environment variable is empty
[debug] [2026-03-11T01:47:23.510Z] > command requires scopes: ["email","openid","https://www.googleapis.com/auth/cloudplatformprojects.readonly","https://www.googleapis.com/auth/firebase","https://www.googleapis.com/auth/cloud-platform","https://www.googleapis.com/auth/userinfo.email"]
[debug] [2026-03-11T01:47:26.056Z] >>> [apiv2][query] POST https://developerknowledge.googleapis.com/mcp [none]
[debug] [2026-03-11T01:47:26.056Z] >>> [apiv2][body] POST https://developerknowledge.googleapis.com/mcp {"method":"tools/list","jsonrpc":"2.0","id":1}
[error] Failed to fetch Firebase Project from Studio Workspace because WORKSPACE_SLUG environment variable is empty
[debug] [2026-03-11T01:47:26.059Z] > command requires scopes: ["email","openid","https://www.googleapis.com/auth/cloudplatformprojects.readonly","https://www.googleapis.com/auth/firebase","https://www.googleapis.com/auth/cloud-platform","https://www.googleapis.com/auth/userinfo.email"]
[debug] [2026-03-11T01:47:26.109Z] <<< [apiv2][status] POST https://developerknowledge.googleapis.com/mcp 200
[debug] [2026-03-11T01:47:26.109Z] <<< [apiv2][body] POST https://developerknowledge.googleapis.com/mcp {"id":1,"jsonrpc":"2.0","result":{"tools":[{"annotations":{"destructiveHint":false,"idempotentHint":true,"openWorldHint":false,"readOnlyHint":true},"description":"Use this tool to find documentation about Google developer products.\nThe documents contain official APIs, code snippets, release notes, best\npractices, guides, debugging info, and more. It covers the following\nproducts and domains:\n\n* Android: developer.android.com\n* Apigee: docs.apigee.com\n* Chrome: developer.chrome.com\n* Firebase: firebase.google.com\n* Fuchsia: fuchsia.dev\n* Google AI: ai.google.dev\n* Google Cloud: docs.cloud.google.com\n* Google Developers, Ads, Search, Google Maps, Youtube: developers.google.com\n* Google Home: developers.home.google.com\n* TensorFlow: www.tensorflow.org\n* Web: web.dev\n\nThis tool returns chunks of text, names, and URLs for matching documents.\nIf the returned chunks are not detailed enough to answer the\nuser's question, use `get_document` or `batch_get_documents` with the\n`parent` from this tool's output to retrieve the full document\ncontent.","inputSchema":{"description":"Request schema for search_documents. Use the query field to search for related Google developer documentation.","properties":{"query":{"description":"Required. The raw query string provided by the user, such as \"How to create a Cloud Storage bucket?\".","type":"string"}},"required":["query"],"type":"object"},"name":"search_documents","outputSchema":{"$defs":{"DocumentChunk":{"description":"A DocumentChunk represents a piece of content from a Document in the DeveloperKnowledge corpus. To fetch the entire document content, pass the `parent` to get_document or batch_get_documents.","properties":{"content":{"description":"Output only. The content of the document chunk.","readOnly":true,"type":"string"},"id":{"description":"Output only. The ID of this chunk within the document. The chunk ID is unique within a document, but not globally unique across documents. The chunk ID is not stable and may change over time.","readOnly":true,"type":"string"},"parent":{"description":"Output only. The resource name of the document this chunk is from. Format: `documents/{uri_without_scheme}` Example: `documents/docs.cloud.google.com/storage/docs/creating-buckets`","readOnly":true,"type":"string"}},"type":"object"}},"description":"Response schema for search_documents.","properties":{"results":{"description":"The search results for the given query. Each Document in this list contains a snippet of content relevant to the search query. Use the Document.name field of each result with get_document or batch_get_documents to retrieve the full document content.","items":{"$ref":"#/$defs/DocumentChunk"},"type":"array"}},"type":"object"}},{"annotations":{"destructiveHint":false,"idempotentHint":true,"openWorldHint":false,"readOnlyHint":true},"description":"Use this tool to retrieve the full content of a single document. The\ndocument name should be obtained from the `parent` field of results from a\ncall to the `search_documents` tool. If you need to retrieve multiple\ndocuments, use `batch_get_documents` instead.","inputSchema":{"description":"Request schema for get_document.","properties":{"name":{"description":"Required. The name of the document to retrieve. Format: `documents/{uri_without_scheme}` Example: `documents/docs.cloud.google.com/storage/docs/creating-buckets`","type":"string"}},"required":["name"],"type":"object"},"name":"get_document","outputSchema":{"description":"A Document represents a piece of content from the Developer Knowledge corpus.","properties":{"content":{"description":"Output only. The content of the document in Markdown format. If this document is returned by search_documents, this field contains a snippet of text relevant to the search query. If this document is returned by get_document or batch_get_documents, this field contains the full document content.","readOnly":true,"type":"string"},"description":{"description":"Output only. A description of the document.","readOnly":true,"type":"string"},"name":{"description":"Identifier. The resource name of the document. Format: `documents/{uri_without_scheme}` Example: `documents/docs.cloud.google.com/storage/docs/creating-buckets`","type":"string","x-google-identifier":true},"uri":{"description":"Output only. The URI of the content, such as `https://cloud.google.com/storage/docs/creating-buckets`.","readOnly":true,"type":"string"}},"type":"object"}},{"annotations":{"destructiveHint":false,"idempotentHint":true,"openWorldHint":false,"readOnlyHint":true},"description":"Use this tool to retrieve the full content of up to 20 documents in a\nsingle call. The document names should be obtained from the `parent` field\nof results from a call to the `search_documents` tool. Use this tool\ninstead of calling `get_document` multiple times to fetch multiple\ndocuments.","inputSchema":{"description":"Request schema for batch_get_documents.","properties":{"names":{"description":"Required. The names of the documents to retrieve, as returned by search_documents. A maximum of 20 documents can be retrieved in a batch. The documents are returned in the same order as the `names` in the request. Format: `documents/{uri_without_scheme}` Example: `documents/docs.cloud.google.com/storage/docs/creating-buckets`","items":{"type":"string"},"type":"array"}},"required":["names"],"type":"object"},"name":"batch_get_documents","outputSchema":{"$defs":{"Document":{"description":"A Document represents a piece of content from the Developer Knowledge corpus.","properties":{"content":{"description":"Output only. The content of the document in Markdown format. If this document is returned by search_documents, this field contains a snippet of text relevant to the search query. If this document is returned by get_document or batch_get_documents, this field contains the full document content.","readOnly":true,"type":"string"},"description":{"description":"Output only. A description of the document.","readOnly":true,"type":"string"},"name":{"description":"Identifier. The resource name of the document. Format: `documents/{uri_without_scheme}` Example: `documents/docs.cloud.google.com/storage/docs/creating-buckets`","type":"string","x-google-identifier":true},"uri":{"description":"Output only. The URI of the content, such as `https://cloud.google.com/storage/docs/creating-buckets`.","readOnly":true,"type":"string"}},"type":"object"}},"description":"Response schema for batch_get_documents.","properties":{"documents":{"description":"Documents requested.","items":{"$ref":"#/$defs/Document"},"type":"array"}},"type":"object"}}]}}
[error] Failed to fetch Firebase Project from Studio Workspace because WORKSPACE_SLUG environment variable is empty
[debug] [2026-03-11T01:47:26.111Z] > command requires scopes: ["email","openid","https://www.googleapis.com/auth/cloudplatformprojects.readonly","https://www.googleapis.com/auth/firebase","https://www.googleapis.com/auth/cloud-platform","https://www.googleapis.com/auth/userinfo.email"]
[error] Failed to fetch Firebase Project from Studio Workspace because WORKSPACE_SLUG environment variable is empty
[error] Failed to fetch Firebase Project from Studio Workspace because WORKSPACE_SLUG environment variable is empty
[error] Failed to fetch Firebase Project from Studio Workspace because WORKSPACE_SLUG environment variable is empty
[error] Failed to fetch Firebase Project from Studio Workspace because WORKSPACE_SLUG environment variable is empty
[debug] [2026-03-11T04:19:55.980Z] > command requires scopes: ["email","openid","https://www.googleapis.com/auth/cloudplatformprojects.readonly","https://www.googleapis.com/auth/firebase","https://www.googleapis.com/auth/cloud-platform","https://www.googleapis.com/auth/userinfo.email"]
[debug] [2026-03-11T04:19:55.985Z] > command requires scopes: ["email","openid","https://www.googleapis.com/auth/cloudplatformprojects.readonly","https://www.googleapis.com/auth/firebase","https://www.googleapis.com/auth/cloud-platform","https://www.googleapis.com/auth/userinfo.email"]
[error] Failed to fetch Firebase Project from Studio Workspace because WORKSPACE_SLUG environment variable is empty
[error] Failed to fetch Firebase Project from Studio Workspace because WORKSPACE_SLUG environment variable is empty
[error] Failed to fetch Firebase Project from Studio Workspace because WORKSPACE_SLUG environment variable is empty
[debug] [2026-03-11T04:20:10.346Z] > command requires scopes: ["email","openid","https://www.googleapis.com/auth/cloudplatformprojects.readonly","https://www.googleapis.com/auth/firebase","https://www.googleapis.com/auth/cloud-platform","https://www.googleapis.com/auth/userinfo.email"]
[debug] [2026-03-11T04:20:12.801Z] >>> [apiv2][query] POST https://developerknowledge.googleapis.com/mcp [none]
[debug] [2026-03-11T04:20:12.802Z] >>> [apiv2][body] POST https://developerknowledge.googleapis.com/mcp {"method":"tools/list","jsonrpc":"2.0","id":1}
[debug] [2026-03-11T04:20:13.137Z] <<< [apiv2][status] POST https://developerknowledge.googleapis.com/mcp 200
[debug] [2026-03-11T04:20:13.143Z] <<< [apiv2][body] POST https://developerknowledge.googleapis.com/mcp {"id":1,"jsonrpc":"2.0","result":{"tools":[{"annotations":{"destructiveHint":false,"idempotentHint":true,"openWorldHint":false,"readOnlyHint":true},"description":"Use this tool to find documentation about Google developer products.\nThe documents contain official APIs, code snippets, release notes, best\npractices, guides, debugging info, and more. It covers the following\nproducts and domains:\n\n* Android: developer.android.com\n* Apigee: docs.apigee.com\n* Chrome: developer.chrome.com\n* Firebase: firebase.google.com\n* Fuchsia: fuchsia.dev\n* Google AI: ai.google.dev\n* Google Cloud: docs.cloud.google.com\n* Google Developers, Ads, Search, Google Maps, Youtube: developers.google.com\n* Google Home: developers.home.google.com\n* TensorFlow: www.tensorflow.org\n* Web: web.dev\n\nThis tool returns chunks of text, names, and URLs for matching documents.\nIf the returned chunks are not detailed enough to answer the\nuser's question, use `get_document` or `batch_get_documents` with the\n`parent` from this tool's output to retrieve the full document\ncontent.","inputSchema":{"description":"Request schema for search_documents. Use the query field to search for related Google developer documentation.","properties":{"query":{"description":"Required. The raw query string provided by the user, such as \"How to create a Cloud Storage bucket?\".","type":"string"}},"required":["query"],"type":"object"},"name":"search_documents","outputSchema":{"$defs":{"DocumentChunk":{"description":"A DocumentChunk represents a piece of content from a Document in the DeveloperKnowledge corpus. To fetch the entire document content, pass the `parent` to get_document or batch_get_documents.","properties":{"content":{"description":"Output only. The content of the document chunk.","readOnly":true,"type":"string"},"id":{"description":"Output only. The ID of this chunk within the document. The chunk ID is unique within a document, but not globally unique across documents. The chunk ID is not stable and may change over time.","readOnly":true,"type":"string"},"parent":{"description":"Output only. The resource name of the document this chunk is from. Format: `documents/{uri_without_scheme}` Example: `documents/docs.cloud.google.com/storage/docs/creating-buckets`","readOnly":true,"type":"string"}},"type":"object"}},"description":"Response schema for search_documents.","properties":{"results":{"description":"The search results for the given query. Each Document in this list contains a snippet of content relevant to the search query. Use the Document.name field of each result with get_document or batch_get_documents to retrieve the full document content.","items":{"$ref":"#/$defs/DocumentChunk"},"type":"array"}},"type":"object"}},{"annotations":{"destructiveHint":false,"idempotentHint":true,"openWorldHint":false,"readOnlyHint":true},"description":"Use this tool to retrieve the full content of a single document. The\ndocument name should be obtained from the `parent` field of results from a\ncall to the `search_documents` tool. If you need to retrieve multiple\ndocuments, use `batch_get_documents` instead.","inputSchema":{"description":"Request schema for get_document.","properties":{"name":{"description":"Required. The name of the document to retrieve. Format: `documents/{uri_without_scheme}` Example: `documents/docs.cloud.google.com/storage/docs/creating-buckets`","type":"string"}},"required":["name"],"type":"object"},"name":"get_document","outputSchema":{"description":"A Document represents a piece of content from the Developer Knowledge corpus.","properties":{"content":{"description":"Output only. The content of the document in Markdown format. If this document is returned by search_documents, this field contains a snippet of text relevant to the search query. If this document is returned by get_document or batch_get_documents, this field contains the full document content.","readOnly":true,"type":"string"},"description":{"description":"Output only. A description of the document.","readOnly":true,"type":"string"},"name":{"description":"Identifier. The resource name of the document. Format: `documents/{uri_without_scheme}` Example: `documents/docs.cloud.google.com/storage/docs/creating-buckets`","type":"string","x-google-identifier":true},"uri":{"description":"Output only. The URI of the content, such as `https://cloud.google.com/storage/docs/creating-buckets`.","readOnly":true,"type":"string"}},"type":"object"}},{"annotations":{"destructiveHint":false,"idempotentHint":true,"openWorldHint":false,"readOnlyHint":true},"description":"Use this tool to retrieve the full content of up to 20 documents in a\nsingle call. The document names should be obtained from the `parent` field\nof results from a call to the `search_documents` tool. Use this tool\ninstead of calling `get_document` multiple times to fetch multiple\ndocuments.","inputSchema":{"description":"Request schema for batch_get_documents.","properties":{"names":{"description":"Required. The names of the documents to retrieve, as returned by search_documents. A maximum of 20 documents can be retrieved in a batch. The documents are returned in the same order as the `names` in the request. Format: `documents/{uri_without_scheme}` Example: `documents/docs.cloud.google.com/storage/docs/creating-buckets`","items":{"type":"string"},"type":"array"}},"required":["names"],"type":"object"},"name":"batch_get_documents","outputSchema":{"$defs":{"Document":{"description":"A Document represents a piece of content from the Developer Knowledge corpus.","properties":{"content":{"description":"Output only. The content of the document in Markdown format. If this document is returned by search_documents, this field contains a snippet of text relevant to the search query. If this document is returned by get_document or batch_get_documents, this field contains the full document content.","readOnly":true,"type":"string"},"description":{"description":"Output only. A description of the document.","readOnly":true,"type":"string"},"name":{"description":"Identifier. The resource name of the document. Format: `documents/{uri_without_scheme}` Example: `documents/docs.cloud.google.com/storage/docs/creating-buckets`","type":"string","x-google-identifier":true},"uri":{"description":"Output only. The URI of the content, such as `https://cloud.google.com/storage/docs/creating-buckets`.","readOnly":true,"type":"string"}},"type":"object"}},"description":"Response schema for batch_get_documents.","properties":{"documents":{"description":"Documents requested.","items":{"$ref":"#/$defs/Document"},"type":"array"}},"type":"object"}}]}}
[error] Failed to fetch Firebase Project from Studio Workspace because WORKSPACE_SLUG environment variable is empty
[debug] [2026-03-11T04:20:13.160Z] > command requires scopes: ["email","openid","https://www.googleapis.com/auth/cloudplatformprojects.readonly","https://www.googleapis.com/auth/firebase","https://www.googleapis.com/auth/cloud-platform","https://www.googleapis.com/auth/userinfo.email"]
[error] Failed to fetch Firebase Project from Studio Workspace because WORKSPACE_SLUG environment variable is empty
[error] Failed to fetch Firebase Project from Studio Workspace because WORKSPACE_SLUG environment variable is empty
[error] Failed to fetch Firebase Project from Studio Workspace because WORKSPACE_SLUG environment variable is empty
[debug] [2026-03-11T04:20:13.253Z] > command requires scopes: ["email","openid","https://www.googleapis.com/auth/cloudplatformprojects.readonly","https://www.googleapis.com/auth/firebase","https://www.googleapis.com/auth/cloud-platform","https://www.googleapis.com/auth/userinfo.email"]
[error] Failed to fetch Firebase Project from Studio Workspace because WORKSPACE_SLUG environment variable is empty
[error] Failed to fetch Firebase Project from Studio Workspace because WORKSPACE_SLUG environment variable is empty
[error] Failed to fetch Firebase Project from Studio Workspace because WORKSPACE_SLUG environment variable is empty
[debug] [2026-03-11T04:20:13.266Z] > command requires scopes: ["email","openid","https://www.googleapis.com/auth/cloudplatformprojects.readonly","https://www.googleapis.com/auth/firebase","https://www.googleapis.com/auth/cloud-platform","https://www.googleapis.com/auth/userinfo.email"]
[debug] [2026-03-11T04:20:15.704Z] >>> [apiv2][query] POST https://developerknowledge.googleapis.com/mcp [none]
[debug] [2026-03-11T04:20:15.704Z] >>> [apiv2][body] POST https://developerknowledge.googleapis.com/mcp {"method":"tools/list","jsonrpc":"2.0","id":1}
[error] Failed to fetch Firebase Project from Studio Workspace because WORKSPACE_SLUG environment variable is empty
[debug] [2026-03-11T04:20:15.708Z] > command requires scopes: ["email","openid","https://www.googleapis.com/auth/cloudplatformprojects.readonly","https://www.googleapis.com/auth/firebase","https://www.googleapis.com/auth/cloud-platform","https://www.googleapis.com/auth/userinfo.email"]
[debug] [2026-03-11T04:20:15.760Z] <<< [apiv2][status] POST https://developerknowledge.googleapis.com/mcp 200
[debug] [2026-03-11T04:20:15.761Z] <<< [apiv2][body] POST https://developerknowledge.googleapis.com/mcp {"id":1,"jsonrpc":"2.0","result":{"tools":[{"annotations":{"destructiveHint":false,"idempotentHint":true,"openWorldHint":false,"readOnlyHint":true},"description":"Use this tool to find documentation about Google developer products.\nThe documents contain official APIs, code snippets, release notes, best\npractices, guides, debugging info, and more. It covers the following\nproducts and domains:\n\n* Android: developer.android.com\n* Apigee: docs.apigee.com\n* Chrome: developer.chrome.com\n* Firebase: firebase.google.com\n* Fuchsia: fuchsia.dev\n* Google AI: ai.google.dev\n* Google Cloud: docs.cloud.google.com\n* Google Developers, Ads, Search, Google Maps, Youtube: developers.google.com\n* Google Home: developers.home.google.com\n* TensorFlow: www.tensorflow.org\n* Web: web.dev\n\nThis tool returns chunks of text, names, and URLs for matching documents.\nIf the returned chunks are not detailed enough to answer the\nuser's question, use `get_document` or `batch_get_documents` with the\n`parent` from this tool's output to retrieve the full document\ncontent.","inputSchema":{"description":"Request schema for search_documents. Use the query field to search for related Google developer documentation.","properties":{"query":{"description":"Required. The raw query string provided by the user, such as \"How to create a Cloud Storage bucket?\".","type":"string"}},"required":["query"],"type":"object"},"name":"search_documents","outputSchema":{"$defs":{"DocumentChunk":{"description":"A DocumentChunk represents a piece of content from a Document in the DeveloperKnowledge corpus. To fetch the entire document content, pass the `parent` to get_document or batch_get_documents.","properties":{"content":{"description":"Output only. The content of the document chunk.","readOnly":true,"type":"string"},"id":{"description":"Output only. The ID of this chunk within the document. The chunk ID is unique within a document, but not globally unique across documents. The chunk ID is not stable and may change over time.","readOnly":true,"type":"string"},"parent":{"description":"Output only. The resource name of the document this chunk is from. Format: `documents/{uri_without_scheme}` Example: `documents/docs.cloud.google.com/storage/docs/creating-buckets`","readOnly":true,"type":"string"}},"type":"object"}},"description":"Response schema for search_documents.","properties":{"results":{"description":"The search results for the given query. Each Document in this list contains a snippet of content relevant to the search query. Use the Document.name field of each result with get_document or batch_get_documents to retrieve the full document content.","items":{"$ref":"#/$defs/DocumentChunk"},"type":"array"}},"type":"object"}},{"annotations":{"destructiveHint":false,"idempotentHint":true,"openWorldHint":false,"readOnlyHint":true},"description":"Use this tool to retrieve the full content of a single document. The\ndocument name should be obtained from the `parent` field of results from a\ncall to the `search_documents` tool. If you need to retrieve multiple\ndocuments, use `batch_get_documents` instead.","inputSchema":{"description":"Request schema for get_document.","properties":{"name":{"description":"Required. The name of the document to retrieve. Format: `documents/{uri_without_scheme}` Example: `documents/docs.cloud.google.com/storage/docs/creating-buckets`","type":"string"}},"required":["name"],"type":"object"},"name":"get_document","outputSchema":{"description":"A Document represents a piece of content from the Developer Knowledge corpus.","properties":{"content":{"description":"Output only. The content of the document in Markdown format. If this document is returned by search_documents, this field contains a snippet of text relevant to the search query. If this document is returned by get_document or batch_get_documents, this field contains the full document content.","readOnly":true,"type":"string"},"description":{"description":"Output only. A description of the document.","readOnly":true,"type":"string"},"name":{"description":"Identifier. The resource name of the document. Format: `documents/{uri_without_scheme}` Example: `documents/docs.cloud.google.com/storage/docs/creating-buckets`","type":"string","x-google-identifier":true},"uri":{"description":"Output only. The URI of the content, such as `https://cloud.google.com/storage/docs/creating-buckets`.","readOnly":true,"type":"string"}},"type":"object"}},{"annotations":{"destructiveHint":false,"idempotentHint":true,"openWorldHint":false,"readOnlyHint":true},"description":"Use this tool to retrieve the full content of up to 20 documents in a\nsingle call. The document names should be obtained from the `parent` field\nof results from a call to the `search_documents` tool. Use this tool\ninstead of calling `get_document` multiple times to fetch multiple\ndocuments.","inputSchema":{"description":"Request schema for batch_get_documents.","properties":{"names":{"description":"Required. The names of the documents to retrieve, as returned by search_documents. A maximum of 20 documents can be retrieved in a batch. The documents are returned in the same order as the `names` in the request. Format: `documents/{uri_without_scheme}` Example: `documents/docs.cloud.google.com/storage/docs/creating-buckets`","items":{"type":"string"},"type":"array"}},"required":["names"],"type":"object"},"name":"batch_get_documents","outputSchema":{"$defs":{"Document":{"description":"A Document represents a piece of content from the Developer Knowledge corpus.","properties":{"content":{"description":"Output only. The content of the document in Markdown format. If this document is returned by search_documents, this field contains a snippet of text relevant to the search query. If this document is returned by get_document or batch_get_documents, this field contains the full document content.","readOnly":true,"type":"string"},"description":{"description":"Output only. A description of the document.","readOnly":true,"type":"string"},"name":{"description":"Identifier. The resource name of the document. Format: `documents/{uri_without_scheme}` Example: `documents/docs.cloud.google.com/storage/docs/creating-buckets`","type":"string","x-google-identifier":true},"uri":{"description":"Output only. The URI of the content, such as `https://cloud.google.com/storage/docs/creating-buckets`.","readOnly":true,"type":"string"}},"type":"object"}},"description":"Response schema for batch_get_documents.","properties":{"documents":{"description":"Documents requested.","items":{"$ref":"#/$defs/Document"},"type":"array"}},"type":"object"}}]}}
[error] Failed to fetch Firebase Project from Studio Workspace because WORKSPACE_SLUG environment variable is empty
[debug] [2026-03-11T04:20:15.764Z] > command requires scopes: ["email","openid","https://www.googleapis.com/auth/cloudplatformprojects.readonly","https://www.googleapis.com/auth/firebase","https://www.googleapis.com/auth/cloud-platform","https://www.googleapis.com/auth/userinfo.email"]
